Title,General Role,Skills,Years of Experience,salary,Date of Salary,Company,Work Type,Work Hour,City of Company site,Country Site,Experience Level
Front End ,Frontend,Unspecified,2,20000,6/30/2025,Egyptian,Remotely,Full Time,Cairo,Egypt,Entry
Full Stack .Net | Angular ,Full Stack,.Net / Angular,3,26000,7/1/2025,Egyptian,Remotely,Full Time,Cairo,Egypt,Mid
.Net Developsr,Software Developer,.Net,1.5,14000,6/1/2025,Egyptian,Remotely,Full Time,Cairo,Egypt,Entry
IT Specialist ,IT,IT,0,10000,5/1/2025,Egyptian,On Site,Full Time,Cairo,Egypt,Entry
Front end,Frontend,Unspecified,1,40000,7/16/2025,Not Egyptian,Hybird,Full Time,Cairo,Egypt,Entry
Email Marketing ,Digital Marketing,Email,2,45000,7/16/2025,Not Egyptian,On Site,Full Time,Cairo,Egypt,Entry
Email marketing ,Digital Marketing,Email,1,30000,7/16/2025,Not Egyptian,On Site,Full Time,Cairo,Egypt,Entry
Gmail marketing ,Digital Marketing,Gmail,0,22000,7/16/2025,Not Egyptian,On Site,Full Time,Cairo,Egypt,Entry
CRM Developer,CRM Engineer,CRM/ Microsoft Dynamics,3,40000,1/1/2025,Egyptian,Hybird,Full Time,Cairo,Egypt,Mid
PHP developer ,Backend,PHP,2,6000,7/16/2025,Egyptian,Remotely,Part Time,Cairo,Egypt,Entry
Flutter developer,Mobile Development,Flutter,3,35000,1/1/2025,Egyptian,Remotely,Full Time,Cairo,Egypt,Mid
Storage&Backup admin ,Storage&Backup admin,Databases,3,25000,7/25/2025,Egyptian,On Site,Full Time,Cairo,Egypt,Mid
Senior front end engineer,Software Engineer,Unspecified,6,75000,3/1/2025,Not Egyptian,Hybird,Full Time,Cairo,Egypt,Senior
Flutter Developer,Mobile Development,Flutter,2,14000,7/16/2025,Egyptian,On Site,Full Time,Cairo,Egypt,Entry
Full stack. Net developer ,Software Developer,.Net,4,60000,7/24/2025,Not Egyptian,Remotely,Full Time,Australia,Australia,Mid
Software QC Engineer,Software Engineer,Testing,1,33845,6/1/2025,Not Egyptian,Hybird,Full Time,Alexandria,Egypt,Entry
mid level frontend react,Frontend,React.js,2,17000,7/11/2025,Egyptian,On Site,Full Time,New cairo,Egypt,Entry
Embedded Software Engineer,Embedded,Unspecified,2,43000,7/1/2025,Egyptian,Remotely,Full Time,Cairo,Egypt,Entry
Procurement Engineer,Quality Control,Management,2,9175,5/1/2025,Egyptian,On Site,Full Time,Alexandria,Egypt,Entry
Senior Dot net developer ,Software Developer,.Net,5,60000,1/1/2025,Egyptian,On Site,Full Time,Cairo,Egypt,Mid
Software engineer,Software Engineer,Unspecified,3,30000,4/1/2025,Egyptian,Remotely,Full Time,Cairo,Egypt,Mid
Frontend Engineer,Software Engineer,Frontend,1,60000,1/1/2025,corporate,Hybird,Full Time,New cairo,Egypt,Entry
.net junior ,Backend,.Net,0.67,48350,1/3/2025,Not Egyptian,Remotely,Full Time,Kuwait,Kuwait,Entry
Sw testing engineer,Software Engineer,Testing,1,35000,7/16/2025,Not Egyptian,Hybird,Full Time,Cairo,Egypt,Entry
Mobile Engineer,Software Engineer,Unspecified,8.5,60000,7/16/2025,Egyptian,Hybird,Full Time,Cairo,Egypt,Lead
Data Scientist & Generative AI engineer ,AI,AI /Data Science,1,18000,5/1/2025,Egyptian,Hybird,Full Time,New cairo,Egypt,Entry
Flutter Developer,Mobile Development,Flutter,1,20000,7/1/2025,Egyptian,On Site,Full Time,Alexandria,Egypt,Entry
"Fullstack (php ,vue)",Full Stack,PHP / Vue,1,12087.5,7/18/2025,Not Egyptian,Remotely,Full Time,Saudi arabia,Saudi Arabia,Entry
software engineer,Software Engineer,Unspecified,2,45000,2/16/2025,Not Egyptian,Remotely,Full Time,Uk,United Kingdom,Entry
Data Engineer ,Data Engineering,Unspecified,2,31911,6/1/2025,Not Egyptian,Remotely,Full Time,Dubai,United Arab Emirates,Entry
Backend Developer,Backend,Unspecified,2.5,30000,1/3/2025,Egyptian,Remotely,Full Time,Cairo,Egypt,Entry
Java Developer ,Software Developer,Java,1,30000,9/1/2024,Not Egyptian,Hybird,Full Time,Cairo,Egypt,Entry
Senior software developer ,Software Developer,Unspecified,4,75000,6/28/2025,Egyptian,Hybird,Full Time,Cairo,Egypt,Mid
Computer Vision Engineer,AI,Computer Vision,2,30000,7/16/2025,Egyptian,Remotely,Full Time,Cairo,Egypt,Entry
Node.js developer,Backend,Node.js,1,12000,2/1/2025,Egyptian,On Site,Full Time,Cairo,Egypt,Entry
Frontend developer ,Frontend,Unspecified,2,22000,1/1/2025,Not Egyptian,On Site,Full Time,Giza,Egypt,Entry
Backend Developer - PHP Laravel,Backend,Laravel/PHP,1,25000,2/16/2025,Egyptian,Hybird,Full Time,Cairo,Egypt,Entry
"Software Engineer( Mobile react native , backend django)",Software Engineer,Mobile / Frontend / Backend,1,19340,7/16/2025,Not Egyptian,Hybird,Full Time,Cairo,Egypt,Entry
Software tester ,Software Engineer,Testing,1.5,17000,6/1/2025,Egyptian,Remotely,Full Time,Cairo,Egypt,Entry
Full stack developer (Angular+.net),Full Stack,.Net / Angular,1,24000,8/1/2025,Egyptian,Hybird,Full Time,Cairo,Egypt,Entry
Software testing,Software Engineer,Testing,0.67,29010,1/10/2025,Not Egyptian,Remotely,Full Time,Cairo,Egypt,Entry
data scientist,AI,Data Science,2,55000,7/1/2025,Not Egyptian,Remotely,Full Time,Dubai,United Arab Emirates,Entry
Data Production Analyst,Data Analysis,Business,1,12500,7/16/2025,Not Egyptian,Hybird,Full Time,Cairo,Egypt,Entry
Software engineer,Software Engineer,Unspecified,3,37000,7/15/2000,Egyptian,On Site,Full Time,Cairo,Egypt,Mid
Construction manager ,Quality Control,Management,17,65000,1/1/2025,Egyptian,On Site,Full Time,Cairo,Egypt,Management
Senior DevOps Engineer ,DevOps,DevOps,3.5,42000,1/1/2025,Not Egyptian,Hybird,Full Time,Cairo,Egypt,Mid
IoT Embedded systems,Embedded,IOT,3,100000,7/1/2025,Egyptian,Hybird,Full Time,Cairo,Egypt,Mid
Gis developer ,Backend,GO,0,29010,7/16/2025,Not Egyptian,On Site,Full Time,Cairo,Egypt,Entry
Data Visualization ,Data Analysis,Power BI /Tableau,0.75,8000,7/16/2025,Not Egyptian,On Site,Full Time,Cairo,Egypt,Entry
Full stack enginner,Software Engineer,Full Stack,2,53000,6/28/2025,Not Egyptian,Hybird,Full Time,Cairo,Egypt,Entry
Golang developer,Backend,GO,6,30000,1/1/2025,Egyptian,On Site,Full Time,Cairo,Egypt,Senior
Data scientist,AI,AI /Data Science,4,100000,7/16/2025,Egyptian,Hybird,Full Time,Cairo,Egypt,Mid
Ai engineer ,AI,AI /Data Science,0,30000,9/1/2025,Egyptian,On Site,Full Time,Cairo,Egypt,Entry
Frontend Developer,Frontend,Unspecified,0.5,12000,7/1/2025,Egyptian,Remotely,Full Time,Cairo,Egypt,Entry
Full stack developer ,Full Stack,Backend/Frontend,4,40000,7/1/2025,Not Egyptian,Remotely,Part Time,Dubai,United Arab Emirates,Mid
Flutter Developer,Mobile Development,Flutter,3,8500,7/16/2025,Egyptian,Hybird,Full Time,Alexandria,Egypt,Mid
Flutter developer,Mobile Development,Flutter,2,20000,7/5/2025,Egyptian,On Site,Full Time,Giza,Egypt,Entry
IT Specialist ,IT,IT,1,8000,7/16/2025,Not Egyptian,On Site,Full Time,Cairo,Egypt,Entry
Senior frontend developer ,Frontend,Unspecified,3,45000,6/1/2025,Egyptian,Remotely,Full Time,Cairo,Egypt,Mid
Android Developer ,Mobile Development,Android,1,15000,9/6/2024,Egyptian,Remotely,Full Time,Cairo,Egypt,Entry
Senior data engineer,Data Engineering,Unspecified,3,58000,7/16/2025,Not Egyptian,Hybird,Full Time,Cairo,Egypt,Mid
Backend Developer ,Backend,Unspecified,2,23000,7/1/2025,Egyptian,Hybird,Full Time,Cairo,Egypt,Entry
Senior front end vue/nuxt js,Frontend,Vue.js / Next.js,5,53185,7/16/2025,Not Egyptian,Remotely,Full Time,Jordan,Jordan,Mid
Frontend developer ,Frontend,Unspecified,1,20000,7/16/2025,Not Egyptian,Hybird,Full Time,Cairo,Egypt,Entry
Mobile apps developer Flutter,Mobile Development,Flutter,1.5,38680,7/1/2025,Not Egyptian,Remotely,Full Time,Dubai,United Arab Emirates,Entry
Frontend developer ,Frontend,Unspecified,1,20500,2/1/2025,Egyptian,Hybird,Full Time,Giza,Egypt,Entry
Backend Developer ,Backend,Unspecified,3,34000,7/1/2025,Egyptian,On Site,Full Time,Cairo,Egypt,Mid
Software Engineer ,Software Engineer,Unspecified,3,67690,7/3/2025,Not Egyptian,Remotely,Full Time,Usa,United States of America,Mid
Senior Data Scientist ,AI,AI /Data Science,2.5,60000,9/1/2025,Not Egyptian,Depends On Project,Full Time,Cairo,Egypt,Entry
.NET Developer,Software Developer,.Net,2,32000,12/1/2024,Not Egyptian,On Site,Full Time,Cairo,Egypt,Entry
Data Analyst ,Data Analysis,Excel/SQL/Power BI,2,24000,10/1/2024,Egyptian,On Site,Full Time,Cairo,Egypt,Entry
Data Visualization Analyst,Data Analysis,Power BI /Tableau,1,13000,1/1/2025,Egyptian,Remotely,Full Time,Cairo,Egypt,Entry
Java backend developer ,Backend,Java,2,25000,7/16/2025,Egyptian,Hybird,Full Time,Cairo,Egypt,Entry
Front end developer ,Frontend,Unspecified,3,30000,1/5/2025,Egyptian,Remotely,Full Time,Alexandria,Egypt,Mid
"Technical Lead, Backend and DevOps",Software Engineer,Leading / Backend / DevOps,3,100000,3/1/2025,Egyptian,Hybird,Full Time,Giza,Egypt,Mid
Full stack web developer,Full Stack,Backend/Frontend,3,21000,7/16/2025,Egyptian,Hybird,Full Time,Cairo,Egypt,Mid
Senior frontend developer ,Frontend,Unspecified,5,72525,5/1/2025,Not Egyptian,Remotely,Full Time,Cairo,Egypt,Mid
PHP Deveoper,Backend,PHP,3,7500,1/1/2023,Not Egyptian,On Site,Full Time,Mansoura,Egypt,Mid
Product Owner/Manager ,Product Management,Unspecified,3,41000,10/15/2024,Egyptian,Hybird,Full Time,New cairo,Egypt,Mid
Product Owner/Manager (senior),Product Management,Unspecified,3.5,79777.5,7/14/2025,Not Egyptian,Remotely,Full Time,Saudi arabia,Saudi Arabia,Mid
back end developer,Backend,Unspecified,2,20000,7/1/2025,Egyptian,Remotely,Full Time,Cairo,Egypt,Entry
Java software engineer ,Software Engineer,Java,4,50000,7/16/2025,Egyptian,Hybird,Full Time,Cairo,Egypt,Mid
Software developer,Software Developer,Unspecified,3,22000,7/1/2025,Egyptian,Remotely,Full Time,Bahrain,Bahrain,Mid
Senior developer (java springboot&& angular ),Software Developer,Java/Springboot/Angular,7,89447.5,7/1/2025,Not Egyptian,Hybird,Full Time,Cairo,Egypt,Senior
Backend Developer,Backend,Unspecified,5,60000,7/16/2025,Not Egyptian,Remotely,Full Time,Jordan,Jordan,Mid
Nodejs develoepr,Backend,Node.js,1,20000,7/16/2025,Egyptian,Remotely,Full Time,Cairo,Egypt,Entry
Data scientist,AI,AI /Data Science,1,27000,5/25/2025,Egyptian,On Site,Full Time,Cairo,Egypt,Entry
Software Engineer ,Software Engineer,Unspecified,1,31427.5,7/16/2025,Egyptian,Remotely,Full Time,Alexandria,Egypt,Entry
software tester,Software Engineer,Testing,1,12500,3/9/2025,Egyptian,Remotely,Full Time,Cairo,Egypt,Entry
Software Engineer,Software Engineer,Unspecified,2,100000,7/16/2025,Not Egyptian,Remotely,Full Time,Saudi arabia,Saudi Arabia,Entry
Software Engineer (Java),Software Engineer,Java,2.5,31000,1/1/2025,Egyptian,Hybird,Full Time,Giza,Egypt,Entry
Odoo developer ,Backend,Odoo,1,5500,7/16/2025,Egyptian,On Site,Full Time,Cairo,Egypt,Entry
Frontend developer,Frontend,Unspecified,2.8,66000,4/1/2025,Egyptian,Hybird,Full Time,Cairo,Egypt,Entry
Back End Developer ,Backend,Unspecified,3,30000,7/1/2025,Egyptian,Remotely,Full Time,Cairo,Egypt,Mid
Back End Developer,Backend,Unspecified,1.5,6000,7/7/2025,Egyptian,Remotely,Full Time,Cairo,Egypt,Entry
Warehouse Manager ,Data Engineering,Data Warehouse,7,25000,1/2/2025,Egyptian,On Site,Full Time,Giza,Egypt,Senior
Senior Front end Developer,Frontend,Unspecified,6,45000,4/1/2025,Not Egyptian,Remotely,Full Time,Canada,Canada,Senior
Senior Software Engineer ,Software Engineer,Unspecified,9,154720,7/1/2025,Not Egyptian,Remotely,Full Time,Saudi arabia,Saudi Arabia,Lead
devops,DevOps,Unspecified,2,39000,6/28/2025,Not Egyptian,Hybird,Full Time,Cairo,Egypt,Entry
Production Supervisor ,Product Management,Management,9,40000,6/21/2025,Not Egyptian,On Site,Full Time,Bany swef,Egypt,Lead
Fullstack NodeJs developer,Full Stack,Node.js,2,34000,1/1/2025,Not Egyptian,Remotely,Full Time,Germany,Germany,Entry
D365 FO Dev,ERP Developer,ERP/ Microsoft Dynamics,10,91865,7/16/2025,Not Egyptian,Remotely,Full Time,Cairo,Egypt,Lead
Data Engineer ,Data Engineering,Unspecified,4,55000,7/16/2025,Egyptian,Hybird,Full Time,Cairo,Egypt,Mid
Flutter developer ,Mobile Development,Flutter,3,50000,7/16/2025,Not Egyptian,Hybird,Full Time,Lebnanon,Lebanon,Mid
PHP Developer,Backend,PHP,3,45000,1/2/2025,Not Egyptian,Remotely,Full Time,Saudi arabia,Saudi Arabia,Mid
Frontend Developer,Frontend,Unspecified,2,58020,7/1/2025,Not Egyptian,Hybird,Full Time,Cairo,Egypt,Entry
Frontend reactjs,Frontend,React.js,3,15000,7/16/2025,Egyptian,Remotely,Full Time,Mansoura,Egypt,Mid
AI engineer ,AI,AI /Data Science,1,17000,2/17/2025,Egyptian,Hybird,Full Time,Cairo,Egypt,Entry
Laravel Developer ,Backend,Laravel/PHP,4,60000,1/1/2025,Egyptian,Hybird,Full Time,Cairo,Egypt,Mid
Product Owner,Product Management,Unspecified,3,40000,6/28/2025,Not Egyptian,Hybird,Full Time,Cairo,Egypt,Mid
Java Developer ,Software Developer,Java,1.5,30000,7/16/2025,Egyptian,Hybird,Full Time,Cairo,Egypt,Entry
Logistics & purchasing specialist ,Quality Control,Management,2,6000,10/17/2023,Not Egyptian,On Site,Full Time,El-minia,Egypt,Entry
Flutter Developer ,Mobile Development,Flutter,2,26592.5,7/1/2025,Not Egyptian,Remotely,Full Time,Uk,United Kingdom,Entry
Senior Front-End Developer,Frontend,Unspecified,8,60000,8/10/2025,Egyptian,On Site,Full Time,Alexandria,Egypt,Lead
Frontend developer,Frontend,Unspecified,4,60000,7/23/2025,Not Egyptian,Hybird,Full Time,Cairo,Egypt,Mid
Software tester ,Software Engineer,Testing,1,11000,10/15/2024,Egyptian,On Site,Full Time,Cairo,Egypt,Entry
Flutter developer ,Mobile Development,Flutter,1.5,20000,7/2/2025,Egyptian,Remotely,Full Time,Cairo,Egypt,Entry
Software Tester,Software Engineer,Testing,1,15000,7/16/2025,Not Egyptian,Hybird,Full Time,Alexandria,Egypt,Entry
Data analyst,Data Analysis,Excel/SQL/Power BI,1,18000,7/16/2025,Egyptian,On Site,Part Time,Cairo,Egypt,Entry
Senior software engineer ,Software Engineer,Unspecified,6,63000,7/1/2025,Not Egyptian,Remotely,Full Time,Saudi arabia,Saudi Arabia,Senior
AI Engineer,AI,AI /Data Science,4,60000,10/1/2025,Not Egyptian,Hybird,Full Time,Cairo,Egypt,Mid
iOS Developer,Mobile Development,IOS,1,12000,7/1/2025,Egyptian,On Site,Full Time,Giza,Egypt,Entry
Communication and electronic Engineer ,Electronic Engineer,Unspecified,1,9000,7/16/2025,Egyptian,On Site,Full Time,Cairo,Egypt,Entry
Frontend Developer ,Frontend,Unspecified,1.5,19250,7/16/2025,Egyptian,Remotely,Full Time,Cairo,Egypt,Entry
joniur data engineer ,Data Engineering,Unspecified,1,17000,6/1/2024,Egyptian,Hybird,Full Time,New cairo,Egypt,Entry
Backend,Backend,Unspecified,2,28000,11/20/2024,Egyptian,Hybird,Full Time,Cairo,Egypt,Entry
Frontend Developer ,Frontend,Unspecified,5,48500,5/5/2023,Not Egyptian,Remotely,Full Time,Cairo,Egypt,Mid
Quality Control,Quality Control,Unspecified,1,20000,7/16/2025,Egyptian,Hybird,Full Time,Cairo,Egypt,Entry
backend developer,Backend,Unspecified,2,10000,7/1/2025,Egyptian,On Site,Full Time,Tanta,Egypt,Entry
BI Engineer,Business Intelligence,Business,4,51678,6/26/2025,Not Egyptian,Hybird,Full Time,Cairo,Egypt,Mid
Dynamics 356 CRM Developer,CRM Engineer,CRM/ Microsoft Dynamics,1.5,20000,7/16/2025,Not Egyptian,Hybird,Full Time,Cairo,Egypt,Entry
Software Engineer ,Software Engineer,Unspecified,1,12000,7/1/2025,Not Egyptian,Hybird,Full Time,Alexandria,Egypt,Entry
Php developer,Backend,PHP,6,36000,5/1/2025,Egyptian,On Site,Full Time,Alexandria,Egypt,Senior
Flutter developer,Mobile Development,Flutter,1,15000,7/1/2025,Egyptian,Remotely,Full Time,Cairo,Egypt,Entry
Security Engineer ,Cyber Security,Unspecified,1.5,27000,7/27/2025,Egyptian,Hybird,Full Time,Cairo,Egypt,Entry
DevOps Engineer,DevOps,Unspecified,1,22000,7/1/2025,Egyptian,On Site,Full Time,Cairo,Egypt,Entry
Full Stack Developer ,Full Stack,Backend/Frontend,1,12000,7/3/2025,Egyptian,On Site,Full Time,Cairo,Egypt,Entry
Software engineer,Software Engineer,Unspecified,1,40000,7/1/2025,Not Egyptian,Hybird,Full Time,Cairo,Egypt,Entry
Data Management specialist ,Data Management Specialist,Databases,2,36000,7/1/2025,Egyptian,Hybird,Full Time,Cairo,Egypt,Entry
.NET developer ,Software Developer,.Net,6,60000,7/16/2025,Not Egyptian,Remotely,Full Time,Cairo,Egypt,Senior
Software engineer,Software Engineer,Unspecified,1,36000,1/1/2025,Egyptian,Remotely,Full Time,Cairo,Egypt,Entry
Java Developer ,Software Developer,Java,1,19000,7/16/2025,Egyptian,On Site,Full Time,Alexandria,Egypt,Entry
. NET developer ,Software Developer,.Net,6,58020,7/16/2025,Not Egyptian,Remotely,Full Time,Cairo,Egypt,Senior
Software Engineer,Software Engineer,Unspecified,1,35000,7/29/2025,Egyptian,On Site,Full Time,Alexandria,Egypt,Entry
Network Security Engineer ,IT,Network,4,30000,1/1/2025,Egyptian,On Site,Full Time,Cairo,Egypt,Mid
MERN stack developer,Full Stack,MongoDB/Express.js/React/Node.js,4,45000,7/16/2025,Egyptian,Hybird,Full Time,Cairo,Egypt,Mid
Engineering manager ,Software Engineer,Full Stack,13,180000,1/1/2025,Egyptian,Hybird,Full Time,Cairo,Egypt,Management
Full Stack Engineer,Software Engineer,Full Stack,3,62500,5/1/2025,Not Egyptian,Remotely,Full Time,No sites,No Sites,Mid
Java team lead,Software Developer,Leading/ Java,10,193400,1/1/2024,Not Egyptian,Remotely,Full Time,Cairo,Egypt,Lead
Mobile application developer ,Mobile Development,Unspecified,3,20000,5/1/2025,Egyptian,On Site,Full Time,Giza,Egypt,Mid
Data Analyst ,Data Analysis,Excel/SQL/Power BI,2,22000,7/16/2025,Egyptian,On Site,Full Time,Cairo,Egypt,Entry
Data engineer,Data Engineering,Unspecified,4,130000,7/16/2025,Not Egyptian,On Site,Full Time,Saudi arabia,Saudi Arabia,Mid
Front End React,Frontend,React.js,4,96700,7/27/2025,Not Egyptian,On Site,Full Time,Giza,Egypt,Mid
Back end developer,Backend,Unspecified,6,58000,7/16/2025,Egyptian,Hybird,Full Time,Cairo,Egypt,Senior
.Net Developer,Software Developer,.Net,2,30000,1/1/2025,Egyptian,Hybird,Full Time,Alexandria,Egypt,Entry
PHP backend developer,Backend,PHP,2,15000,7/16/2025,Egyptian,On Site,Full Time,Mansoura,Egypt,Entry
Senior python developer ,Software Developer,Python,9,70000,7/1/2025,Egyptian,On Site,Full Time,Alexandria,Egypt,Lead
C/C++,Software Developer,C/C++,1,22000,6/1/2025,Egyptian,Hybird,Full Time,Cairo,Egypt,Entry
Full stack developer ,Full Stack,Backend/Frontend,2,17889.5,6/1/2025,Not Egyptian,Remotely,Full Time,Cairo,Egypt,Entry
Network engineer,IT,Network,4,21000,6/1/2025,Egyptian,Hybird,Part Time,Cairo,Egypt,Mid
Software Engineer ,Software Engineer,Unspecified,1,20000,7/1/2025,Egyptian,On Site,Full Time,Alexandria,Egypt,Entry
"Full Stack developer (Flutter, .NET, react)",Full Stack,Mobile / Frontend / Backend,1.5,15000,7/1/2025,Not Egyptian,Remotely,Part Time,Saudi arabia,Saudi Arabia,Entry
Senior Full Stack. Net Angular ,Full Stack,.Net / Angular,3,55000,7/16/2025,Not Egyptian,Hybird,Full Time,Cairo,Egypt,Mid
Next Js developer,Frontend,Next.js,1,20000,7/16/2025,Egyptian,Remotely,Full Time,Cairo,Egypt,Entry
UI\UX Designer,Digital Designer,UI/UX,2,15200,7/25/2025,Egyptian,Hybird,Full Time,Cairo,Egypt,Entry
Frontend Developer ,Frontend,Unspecified,0.67,15000,7/24/2025,Egyptian,On Site,Full Time,New cairo,Egypt,Entry
IT SUPPORT ,IT,IT,2,10000,9/1/2024,Egyptian,On Site,Full Time,Cairo,Egypt,Entry
.net developer ,Software Developer,.Net,5,40000,7/16/2025,Egyptian,Remotely,Full Time,Cairo,Egypt,Mid
Game developer (unreal engine) ,Game Development,Unreal,0,35000,7/16/2025,Not Egyptian,Remotely,Full Time,Dubai,United Arab Emirates,Entry
React js Developer,Frontend,React.js,3,18000,1/1/2025,Egyptian,On Site,Full Time,Cairo,Egypt,Mid
.net developer ,Software Developer,.Net,5,25000,5/1/2025,Egyptian,On Site,Full Time,Cairo,Egypt,Mid
Wordpress developer ,Web Development,Wordpress,2,10000,10/1/2024,Egyptian,Remotely,Full Time,Cairo,Egypt,Entry
Integration Engineer,Software Engineer,Testing,3,28600,2/12/2025,Egyptian,Hybird,Full Time,Giza,Egypt,Mid
Odoo functional consultant,Odoo Consultant,Odoo/business,1,30000,7/16/2025,Not Egyptian,Remotely,Full Time,Saudi arabia,Saudi Arabia,Entry
Robotics SW engineer,Software Engineer,Robotics,3,65000,7/16/2025,Not Egyptian,On Site,Full Time,Cairo,Egypt,Mid
Ai Engineer ,AI,AI /Data Science,4,30000,7/1/2025,Not Egyptian,On Site,Full Time,Cairo,Egypt,Mid
Senior Software Engineer,Software Engineer,Unspecified,6,101535,7/16/2025,Not Egyptian,Hybird,Full Time,Cairo,Egypt,Senior
DevOps Engineer,DevOps,Unspecified,0,18000,5/1/2025,Egyptian,Hybird,Full Time,Cairo,Egypt,Entry
Java Developer,Software Developer,Java,2,37000,2/1/2025,Not Egyptian,Hybird,Full Time,Cairo,Egypt,Entry
Data analyst,Data Analysis,Excel/SQL/Power BI,1,8500,7/1/1996,Egyptian,On Site,Full Time,Giza,Egypt,Entry
full stack developer,Full Stack,Unspecified,2,15000,7/16/2025,Egyptian,Remotely,Full Time,Cairo,Egypt,Entry
Software Engineer ,Software Engineer,Unspecified,2,35000,1/1/2025,Not Egyptian,Hybird,Full Time,Cairo,Egypt,Entry
BI Engineer ,Business Intelligence,Business,2,32000,6/28/2025,Not Egyptian,Hybird,Full Time,Cairo,Egypt,Entry
Backend developer Php laravel,Backend,Laravel/PHP,1.5,20000,1/1/2020,Egyptian,Hybird,Full Time,Cairo,Egypt,Entry
flutter developer,Mobile Development,Flutter,1,5000,,Egyptian,Remotely,Full Time,Cairo,Egypt,Entry
full stack developer,Full Stack,Unspecified,1.5,15000,7/16/2025,Egyptian,On Site,Full Time,Cairo,Egypt,Entry
Cloud DevOps Engineer ,DevOps,Cloud,3,47100,7/16/2025,Not Egyptian,Hybird,Full Time,Cairo,Egypt,Mid
RPA developer,Automation Engineer,RPA,0.58,30000,7/1/2025,Not Egyptian,Hybird,Full Time,Giza,Egypt,Entry
Flutter developer ,Mobile Development,Flutter,5,72525,3/1/2025,Egyptian,Hybird,Full Time,Cairo,Egypt,Mid
Technical Talent Acquisition Coordinator ,HR,Talent acquisition,1,16000,1/6/2025,Egyptian,Hybird,Full Time,Cairo,Egypt,Entry
data analyst ,Data Analysis,Excel/SQL/Power BI,1,12000,7/16/2025,Not Egyptian,On Site,Full Time,Cairo,Egypt,Entry
Software Engineer,Software Engineer,Unspecified,2,48350,7/16/2025,Not Egyptian,Remotely,Full Time,Usa,United States of America,Entry
Technical Office Engineer ,Technical Engineer,Management,4,19000,7/1/2025,Egyptian,On Site,Full Time,Cairo,Egypt,Mid
Software Engineer II ( Fullstack .NET Developer ),Full Stack,.Net,1.5,30000,7/1/2025,Egyptian,Hybird,Full Time,Cairo,Egypt,Entry
Senior IT Support ,IT,IT,5,22000,5/1/2025,Egyptian,On Site,Full Time,Cairo,Egypt,Mid
.Net backend developer,Backend,.Net,0.58,15000,6/1/2025,Egyptian,On Site,Full Time,Giza,Egypt,Entry
Solution architect ,IT,IT/Business,8,120000,6/27/2025,Not Egyptian,On Site,Full Time,Saudi arabia,Saudi Arabia,Lead
Laravel Developer,Backend,Laravel/PHP,4,70000,2/28/2025,Not Egyptian,Remotely,Full Time,Saudi arabia,Saudi Arabia,Mid
Software Engineer ,Software Engineer,Unspecified,2,30000,7/16/2025,Not Egyptian,Remotely,Full Time,Uae,United Arab Emirates,Entry
Data Engineer,Data Engineering,Unspecified,2,29010,7/16/2025,Not Egyptian,Remotely,Full Time,Saudi arabia,Saudi Arabia,Entry
Junior iOS Developer ,Mobile Development,IOS,1.5,40000,5/20/2025,Egyptian,Hybird,Full Time,Cairo,Egypt,Entry
 Robotic software engineer,Software Engineer,Robotics,3,62855,7/16/2025,Not Egyptian,Hybird,Full Time,Cairo,Egypt,Mid
Senior Flutter Developer,Mobile Development,Flutter,5,21000,7/1/2025,Egyptian,Remotely,Full Time,Cairo,Egypt,Mid
Senior MBD Engineer,Software Engineer,MBD,4,42000,6/25/2025,Egyptian,On Site,Full Time,Cairo,Egypt,Mid
.Net Developer ,Software Developer,.Net,0,10000,6/1/2025,Egyptian,On Site,Full Time,Cairo,Egypt,Entry
Software Engineer,Software Engineer,Unspecified,1,36000,11/15/2025,Egyptian,On Site,Full Time,Alexandria,Egypt,Entry
Technical Specialist-Automation,Automation Engineer,AI /Automation,2,27000,6/1/2025,Not Egyptian,Remotely,Full Time,Saudi arabia,Saudi Arabia,Entry
Node.js developer,Backend,Node.js,1,29010,5/1/2025,Not Egyptian,Remotely,Full Time,Usa,United States of America,Entry
Senior Mechanical design engineer ,Software Engineer,Mechanical Design,3,20000,7/1/2025,Egyptian,On Site,Full Time,Giza,Egypt,Mid
Laravel developer ,Backend,Laravel/PHP,1,12000,6/1/2025,Not Egyptian,Remotely,Full Time,Cairo,Egypt,Entry
Senior Frontend Engineer (Next.js),Frontend,Next.js,5,72525,7/30/2025,Not Egyptian,Remotely,Full Time,Saudi arabia,Saudi Arabia,Mid
Full stack .Net ,Full Stack,.Net,1,17000,7/16/2025,Egyptian,Hybird,Full Time,Cairo,Egypt,Entry
PHP Developer ,Software Developer,PHP,2.5,25000,8/1/2025,Egyptian,Hybird,Full Time,Cairo,Egypt,Entry
Full stack developer .net and react (internship),Full Stack,.Net / React,0.08,4500,7/16/2025,Egyptian,Hybird,Full Time,Giza,Egypt,Entry
Flutter Developer,Mobile Development,Flutter,3,24175,7/1/2025,Not Egyptian,Remotely,Full Time,Canada,Canada,Mid
iOS Developer,Software Developer,IOS,3,33361.5,8/1/2025,Egyptian,Remotely,Full Time,Usa,United States of America,Mid
AI Developer ,AI,AI /Data Science,1,25000,1/1/2025,Not Egyptian,Hybird,Full Time,Cairo,Egypt,Entry
Software Testing Engineer,Software Engineer,Testing,0.67,6000,12/1/2024,Egyptian,On Site,Full Time,Mansoura,Egypt,Entry
Front end developer vuejs,Frontend,Vue.js,3,16000,2/1/2025,Not Egyptian,Hybird,Full Time,Cairo,Egypt,Mid
Frontend Software Engineer,Software Engineer,Frontend,2,44500,6/29/2025,Not Egyptian,Remotely,Full Time,Cairo,Egypt,Entry
ai engineer,AI,AI /Data Science,1,30000,1/25/2025,Egyptian,On Site,Full Time,Cairo,Egypt,Entry
C++ Software Engineer ,Software Engineer,C++,1,20000,7/1/2025,Egyptian,Remotely,Full Time,Georgia,Georgia,Entry
Senior Network Security Engineer,IT,Network,5,35000,5/1/2025,Egyptian,On Site,Full Time,Cairo,Egypt,Mid
Senior Flutter Developer,Mobile Development,Flutter,4,60000,5/1/2025,Not Egyptian,Hybird,Full Time,Cairo,Egypt,Mid
Frontend Engineer,Software Engineer,Frontend,6,80000,7/17/2025,Not Egyptian,Remotely,Full Time,Saudi arabia,Saudi Arabia,Senior
Network Engineer,IT,Network,2,28000,7/1/2025,Egyptian,Hybird,Full Time,Cairo,Egypt,Entry
Senior Java Developer ,Software Developer,Java,3,50000,6/25/2025,Egyptian,Remotely,Full Time,Cairo,Egypt,Mid
Development Team Lead,Software Developer,Leading,1,70000,1/1/2025,Egyptian,Hybird,Full Time,Cairo,Egypt,Entry
Java developer ,Software Developer,Java,1,30000,8/1/2024,Not Egyptian,Remotely,Full Time,Cairo,Egypt,Entry
Devops engineer,DevOps,Unspecified,1,40000,7/25/2025,Egyptian,Remotely,Full Time,Cairo,Egypt,Entry
Devops,DevOps,Unspecified,1,28000,8/24/2024,Egyptian,Remotely,Full Time,Cairo,Egypt,Entry
.net developer ,Software Developer,.Net,6,50000,1/1/2025,Not Egyptian,Remotely,Full Time,Cairo,Egypt,Senior
DevOps expert ,DevOps,Unspecified,9,65000,7/17/2025,Egyptian,Hybird,Full Time,Alexandria,Egypt,Lead
Production Manager,Product Management,Unspecified,9,37000,6/24/2025,Not Egyptian,On Site,Full Time,Giza,Egypt,Lead
GRC analyst ,IT,Cyber Security/GRC,2,40000,7/17/2025,Egyptian,Hybird,Full Time,Cairo,Egypt,Entry
Software Tester/QA Engineer ,Software Engineer,Testing,1.5,14505,7/30/2025,Not Egyptian,Remotely,Full Time,Cairo,Egypt,Entry
Maintenance engineer ,Software Engineer,Maintenance,1.5,18000,7/17/2025,Egyptian,Hybird,Full Time,Cairo,Egypt,Entry
Odoo Developer,Software Developer,Odoo,5,77360,1/1/2025,Not Egyptian,Remotely,Full Time,Saudi arabia,Saudi Arabia,Mid
Java developer,Software Developer,Java,4,39000,7/17/2025,Multinational,Remotely,Full Time,Cairo,Egypt,Mid
UI/UX designer ,Digital Designer,UI/UX,3,18000,7/17/2025,Not Egyptian,Remotely,Full Time,Dubai,United Arab Emirates,Mid
Info sec GRC,IT,Cyber Security/GRC,2,25000,7/1/2025,Multinational,Hybird,Full Time,Cairo,Egypt,Entry
Principle Software Engineer ,Software Engineer,Principle,15,44000,7/17/2025,Egyptian,Remotely,Full Time,Cairo,Egypt,Management
Data Engineer ,Data Engineering,Unspecified,1,30000,7/17/2025,Not Egyptian,Remotely,Full Time,Giza,Egypt,Entry
Senior Database administrator ,Database Administrator,Databases,13,60000,7/17/2025,Egyptian,On Site,Full Time,Cairo,Egypt,Management
React Developer ,Software Developer,React.js,1.5,18000,2/1/2025,Not Egyptian,On Site,Full Time,Cairo,Egypt,Entry
Security Engineer,Software Engineer,Security,3,55000,7/17/2025,Egyptian,Hybird,Full Time,Cairo,Egypt,Mid
Full stack web developer ,Full Stack,Backend/Frontend,2,55000,7/1/2025,Egyptian,Hybird,Full Time,Cairo,Egypt,Entry
.net developer,Software Developer,.Net,1.8,14000,12/1/2023,Egyptian,On Site,Full Time,Mansoura,Egypt,Entry
Software engineer,Software Engineer,Unspecified,4,50000,10/15/2024,Egyptian,Hybird,Full Time,Cairo,Egypt,Mid
Frontend Developer (React/next),Frontend,React.js / Next.js,2,12000,7/1/2025,Egyptian,On Site,Full Time,Cairo,Egypt,Entry
Customer service specialist ,Customer Service,Customer Service,5,20000,2/1/2025,Not Egyptian,Hybird,Full Time,Giza,Egypt,Mid
FP&A associate manager,Financial Analyst,Management,5,48000,,Not Egyptian,Hybird,Full Time,Cairo,Egypt,Mid
.NET Developer ,Software Developer,.Net,5,50000,6/30/2025,Not Egyptian,Hybird,Full Time,Giza,Egypt,Mid
Sr.Dynamics consultant,Microsoft Dynamics Engineer,Microsoft Dynamics,4,27000,1/30/2025,Not Egyptian,Hybird,Full Time,Saudi arabia,Saudi Arabia,Mid
Front end developer ,Frontend,Unspecified,3,25000,7/15/2025,Not Egyptian,Remotely,Full Time,Saudi arabia,Saudi Arabia,Mid
DevOps/SRE,DevOps,DevOps/SRE,4,40000,7/17/2025,Not Egyptian,Remotely,Full Time,Cairo,Egypt,Mid
Full stack php developer,Full Stack,PHP,2,35000,5/17/2025,Egyptian,Hybird,Full Time,Cairo,Egypt,Entry
AI Engineer ,AI,AI /Data Science,1.5,38000,7/1/2025,Egyptian,On Site,Full Time,Cairo,Egypt,Entry
QC and Automation engineer 2 ,Quality Control,AI /Automation,3,57000,7/1/2025,Egyptian,Remotely,Full Time,Cairo,Egypt,Mid
Softwares tester,Software Engineer,Testing,3,9000,6/30/2025,Not Egyptian,On Site,Full Time,Mansoura,Egypt,Mid
Devops Engineer,DevOps,Unspecified,5,31000,7/17/2025,Egyptian,Hybird,Full Time,Alexandria,Egypt,Mid
iOS Developer,Mobile Development,iOS,6,58020,10/10/2024,Not Egyptian,Remotely,Full Time,Dubai,United Arab Emirates,Senior
Backend ( PHP ),Backend,PHP,4,58020,1/1/2025,Not Egyptian,Remotely,Full Time,Dubai,United Arab Emirates,Mid
.net,Backend,.Net,0.67,10000,7/17/2025,Egyptian,Remotely,Full Time,Tanta,Egypt,Entry
Medical Liaison ,Medical Expert,Medical,2,24700,7/30/2023,Egyptian,Hybird,Full Time,Cairo,Egypt,Entry
University lecturer ,Lecturer,Academic,10,18000,2/28/2015,Egyptian,On Site,Full Time,Giza,Egypt,Lead
Frontend Developer,Frontend,Unspecified,2,30000,1/1/2025,Not Egyptian,On Site,Full Time,Cairo,Egypt,Entry
People Advisor/Hr Generalist/Hr Specialist,HR,HR,1.5,9000,11/15/2024,Egyptian,Hybird,Full Time,Cairo,Egypt,Entry
Odoo Implementer,Software Developer,Odoo,4,62855,1/1/2025,Not Egyptian,Remotely,Full Time,Saudi arabia,Saudi Arabia,Mid
Nodejs developer ,Software Developer,Node.js,1,20000,7/17/2025,Egyptian,On Site,Full Time,Cairo,Egypt,Entry
Full stack dot net developer ,Full Stack,.Net,1,13000,7/17/2025,Egyptian,Remotely,Full Time,Cairo,Egypt,Entry
Computer vision engineer ,AI,Computer Vision,1,30000,7/25/2025,Egyptian,Hybird,Full Time,Cairo,Egypt,Entry
Soc analyst tier1,Cyber Security,SOC,1,20500,7/17/2025,Not Egyptian,Hybird,Full Time,Cairo,Egypt,Entry
Senior PHP Deveoper,Software Developer,PHP,12,91865,9/1/2024,Not Egyptian,Remotely,Full Time,Saudi arabia,Saudi Arabia,Management
Integration Developer,Software Developer,Testing,3,35000,7/1/2025,Not Egyptian,Hybird,Full Time,Cairo,Egypt,Mid
Full stack developer,Full Stack,Backend/Frontend,0.65,14000,7/25/2025,Egyptian,Remotely,Full Time,Cairo,Egypt,Entry
Frontend team lead,Frontend,Leading,2,70000,1/1/2025,Egyptian,Hybird,Full Time,Cairo,Egypt,Entry
Electrical engineer,Electrical Engineer,Electric,5,10500,1/1/2025,Egyptian,On Site,Full Time,Suez,Egypt,Mid
DevOps Engineer,DevOps,Unspecified,2,30000,7/1/2025,Egyptian,Remotely,Full Time,Cairo,Egypt,Entry
Cloud Engineer,IT,Cloud,3,42000,6/17/2025,Not Egyptian,Hybird,Full Time,Cairo,Egypt,Mid
Network Engineer ,IT,Network,1,25000,7/1/2025,Not Egyptian,Remotely,Full Time,Poland,Poland,Entry
Senior ERP developer ,ERP Developer,ERP/ Microsoft Dynamics,5,62000,7/17/2025,Egyptian,Remotely,Full Time,Cairo,Egypt,Mid
Php Developer ,Backend,PHP,2,38680,7/17/2025,Egyptian,Remotely,Full Time,Saudi arabia,Saudi Arabia,Entry
IT Infrastructure Engineer,IT,Network,1,16000,3/16/2025,Not Egyptian,On Site,Full Time,Cairo,Egypt,Entry
Data analyst,Data Analysis,Excel/SQL/Power BI,4,27500,6/30/2025,Egyptian,Remotely,Full Time,Cairo,Egypt,Mid
BI Engineer,Business Intelligence,Business,5,38000,6/1/2025,Egyptian,Remotely,Full Time,Cairo,Egypt,Mid
Cybersecurity Presales Engineer,Cyber Security,Presales,1,20000,7/1/2025,Egyptian,Remotely,Full Time,Cairo,Egypt,Entry
SWE Intern,Software Engineer,Unspecified,0,10000,7/1/2025,Not Egyptian,Hybird,Full Time,Cairo,Egypt,Entry
C++ Engineer,Software Engineer,C++,3,48350,7/17/2025,Egyptian,Remotely,Full Time,Georgia,Georgia,Mid
Node js Developer ,Backend,Node.js,3,58020,7/1/2024,Not Egyptian,Remotely,Full Time,Cairo,Egypt,Mid
Software QC engineer,Quality Control,Testing,3,30000,2/1/2025,Egyptian,Hybird,Full Time,Cairo,Egypt,Mid
Data analyst ,Data Analysis,Excel/SQL/Power BI,2,9000,7/31/2025,Egyptian,Hybird,Part Time,Cairo,Egypt,Entry
Mentor ,Mentor,Academic,0,13000,7/1/2025,Egyptian,Remotely,Full Time,Cairo,Egypt,Entry
Teaching Assistant,Teching Assistant,Academic,3,16000,7/23/2025,Egyptian,On Site,Full Time,Cairo,Egypt,Mid
Software Developer,Software Developer,Unspecified,2,32000,7/26/2025,Not Egyptian,Hybird,Full Time,Cairo,Egypt,Entry
presales automation engineer,Automation Engineer,Presales,2,15000,5/1/2025,Egyptian,On Site,Full Time,Cairo,Egypt,Entry
Front End Developer,Frontend,Unspecified,3,18200,7/30/2025,Egyptian,Remotely,Full Time,Cairo,Egypt,Mid
Frontend,Frontend,Unspecified,2.5,7500,8/5/2025,Egyptian,Remotely,Part Time,Cairo,Egypt,Entry
Front end react,Frontend,React.js,2,30000,7/17/2025,Not Egyptian,Remotely,Full Time,Cairo,Egypt,Entry
Devops engineer,DevOps,Unspecified,6,341900,3/1/2025,Not Egyptian,Hybird,Full Time,Abu dhabi,United Arab Emirates,Senior
.Net Developer,Software Developer,.Net,3,12000,3/1/2025,Egyptian,On Site,Full Time,Mansoura,Egypt,Mid
Backend node.js developer,Backend,Node.js,1,20000,7/17/2025,Egyptian,Hybird,Full Time,Cairo,Egypt,Entry
Full stack Developer,Full Stack,Backend/Frontend,3,20000,7/17/2025,Egyptian,On Site,Full Time,Cairo,Egypt,Mid
CRM developer ,Software Developer,CRM/ Microsoft Dynamics,1,15000,7/17/2025,Egyptian,Hybird,Full Time,Cairo,Egypt,Entry
MEAN stack developer ,Software Developer,MEAN Stack,3,50000,1/31/2025,Egyptian,On Site,Full Time,Cairo,Egypt,Mid
Software Engineer Intern,Software Engineer,Unspecified,0,5000,7/17/2025,Not Egyptian,On Site,Full Time,Cairo,Egypt,Entry
Data Scientist,AI,AI /Data Science,3,48000,7/27/2025,Not Egyptian,On Site,Full Time,Marsa alam,Egypt,Mid
Dotnet full stack developer,Full Stack,.Net,2,15000,7/7/2025,Egyptian,Hybird,Full Time,Cairo,Egypt,Entry
robotics engin,Software Engineer,Robotics,3,22900,1/8/2025,Egyptian,On Site,Full Time,Cairo,Egypt,Mid
senior software engineer,Software Engineer,Unspecified,11,84612.5,7/17/2025,Not Egyptian,Remotely,Full Time,Usa,United States of America,Lead
Java Developer ,Software Developer,Java,3,50000,7/1/2025,Egyptian,Hybird,Full Time,Cairo,Egypt,Mid
Senior Flutter Developer ,Mobile Development,Flutter,5,35000,7/17/2025,Not Egyptian,On Site,Full Time,Giza,Egypt,Mid
NLP R&D Engineer,AI,NLP/R&D,1.5,35000,2/26/2002,Egyptian,On Site,Full Time,Giza,Egypt,Entry
Technical support specialist ,Data Engineering,Unspecified,5,7500,7/17/2025,Egyptian,On Site,Full Time,Giza,Egypt,Mid
Senior Data Engineed,Data Engineering,Unspecified,4,70000,7/1/2025,Egyptian,Hybird,Full Time,Cairo,Egypt,Mid
Full Stack Developer,Full Stack,Backend/Frontend,3.9,55000,7/1/2025,Not Egyptian,Remotely,Full Time,Usa,United States of America,Mid
Data analyst,Data Analysis,Excel/SQL/Power BI,2,7000,6/30/2025,Egyptian,On Site,Full Time,Mansoura,Egypt,Entry
Sales analyst,Data Analysis,Sales,0,15000,7/17/2025,Egyptian,On Site,Full Time,Giza,Egypt,Entry
Social media marketing executive ,Digital Marketing,Media,4,14000,7/5/2025,Not Egyptian,On Site,Full Time,Cairo,Egypt,Mid
Solutions Engineer,IT,IT,3,15000,7/17/2025,Not Egyptian,Remotely,Full Time,Dubai,United Arab Emirates,Mid
Data Scientist ,AI,AI /Data Science,2.5,37000,7/25/2025,Egyptian,On Site,Full Time,Giza,Egypt,Entry
Manual software tester,Software Engineer,Testing,1,10000,11/1/2024,Egyptian,Hybird,Full Time,Cairo,Egypt,Entry
Senior Android Engineer,Software Engineer,Android,8,145050,5/17/2025,Not Egyptian,Remotely,Full Time,Saudi arabia,Saudi Arabia,Lead
Senior data analyst ,Data Analysis,Excel/SQL/Power BI,8,35000,7/17/2025,Egyptian,On Site,Full Time,Cairo,Egypt,Lead
SAP MM Consultant ,SAP Engineer,SAP,2,30000,3/29/2025,Not Egyptian,Hybird,Full Time,Cairo,Egypt,Entry
IT Specialist ,IT,IT,0.5,9000,6/1/2025,Egyptian,On Site,Full Time,Cairo,Egypt,Entry
Software Quality Control Tester ,Quality Control,Testing,4,35000,7/31/2025,Not Egyptian,Hybird,Full Time,Cairo,Egypt,Mid
Wordpress deveolper,Web Development,Wordpress,1,9000,7/1/2025,Egyptian,Remotely,Full Time,Cairo,Egypt,Entry
Control Engineer,Control Engineer,Unspecified,1,14000,6/20/2025,Egyptian,On Site,Full Time,Cairo,Egypt,Entry
Android Developer,Mobile Development,Android,0.5,10000,7/1/2025,Egyptian,On Site,Full Time,Cairo,Egypt,Entry
React js Front End Developer,Frontend,React.js,2,15000,7/1/2025,Egyptian,Hybird,Full Time,Cairo,Egypt,Entry
Ml Engineer,AI,AI /Machine Learning,1,25000,7/17/2025,Egyptian,Hybird,Full Time,Giza,Egypt,Entry
SOC Analyst ,Cyber Security,SOC,0.67,10000,7/17/2025,Egyptian,Remotely,Full Time,Cairo,Egypt,Entry
Group OD & Talent Specialist ,Talent Specialist,HR,2,12200,7/17/2025,Egyptian,On Site,Full Time,Cairo,Egypt,Entry
Network / Network Security Engineer,IT,Network,0,12000,12/17/2024,Egyptian,On Site,Full Time,Cairo,Egypt,Entry
Full Stack .NET & Angular,Full Stack,.Net / Angular,1,16000,7/15/2025,Not Egyptian,Remotely,Full Time,Usa,United States of America,Entry
Data Engineer ,Data Engineering,Unspecified,2,32000,7/1/2025,Egyptian,Hybird,Full Time,Cairo,Egypt,Entry
Data scientist,AI,AI /Data Science,4,50000,7/17/2025,Egyptian,On Site,Full Time,Cairo,Egypt,Mid
Fullstack Dev,Full Stack,Backend/Frontend,6.5,125000,5/1/2025,Not Egyptian,Remotely,Full Time,Canada,Canada,Senior
Embedded linux engineer,Embedded,Linux,2,60000,7/17/2025,Not Egyptian,Hybird,Full Time,Cairo,Egypt,Entry
Flutter Developer,Mobile Development,Flutter,2,29010,4/1/2002,Not Egyptian,Remotely,Part Time,Cairo,Egypt,Entry
IOS Deveoper,Mobile Development,IOS,8,75000,1/1/2025,Egyptian,Hybird,Full Time,Cairo,Egypt,Lead
Fulkstack .Net developer,Full Stack,.Net,10,75000,1/1/2025,Egyptian,On Site,Full Time,Cairo,Egypt,Lead
Data Engineer,Data Engineering,Unspecified,1,22000,3/1/2025,Egyptian,Hybird,Full Time,Cairo,Egypt,Entry
Senior Backend developer,Backend,Unspecified,5,80000,7/1/2025,Egyptian,Hybird,Full Time,Cairo,Egypt,Mid
Backend Software Engineer,Software Engineer,Backend,4,40000,7/17/2025,Egyptian,Hybird,Full Time,Cairo,Egypt,Mid
Senior Android Developer ,Mobile Development,Android,4,70000,4/1/2025,Not Egyptian,Hybird,Full Time,Cairo,Egypt,Mid
Senior QA,Quality Assurance,Testing,9,53185,7/1/2025,Not Egyptian,On Site,Full Time,Dubai,United Arab Emirates,Lead
Senior backend engineer,Software Engineer,Backend,9,169225,7/1/2025,Not Egyptian,Remotely,Full Time,No sites,No Sites,Lead
Core banking specialist agriculture ,Core Banking Specialist,Testing,3,10500,7/17/2025,Egyptian,On Site,Full Time,Cairo,Egypt,Mid
CRM D365 developer ,CRM Engineer,CRM/ Microsoft Dynamics,0,12000,7/17/2025,Egyptian,Remotely,Full Time,Giza,Egypt,Entry
Backend Software Engineer,Software Engineer,Backend,3,80000,2/28/2025,Egyptian,Hybird,Full Time,Cairo,Egypt,Mid
.Net Developer,Software Developer,.Net,2,12000,9/1/2024,Not Egyptian,Remotely,Full Time,Cairo,Egypt,Entry
Senior Full stack ,Full Stack,Backend/Frontend,8,90000,3/1/2025,Egyptian,Remotely,Full Time,Cairo,Egypt,Lead
Data Analyst ,Data Analysis,Excel/SQL/Power BI,1,6500,6/25/2025,Egyptian,Hybird,Full Time,Cairo,Egypt,Entry
Technical Talent acquisition specialist ,Talent Specialist,HR,2,13000,6/29/2025,Egyptian,On Site,Full Time,Cairo,Egypt,Entry
.Net Developer,Software Developer,.Net,3,22500,7/17/2025,Egyptian,Hybird,Full Time,Cairo,Egypt,Mid
Business analyst ,Business Intelligence,Business,1.5,25000,7/17/2025,Egyptian,Remotely,Full Time,Saudi arabia,Saudi Arabia,Entry
Senior Software Quality Control Engineer,Quality Control,Testing,4,55000,9/1/2025,Not Egyptian,Hybird,Full Time,Giza,Egypt,Mid
Java developer,Software Developer,Java,2.5,41000,7/28/2025,Not Egyptian,Hybird,Full Time,Cairo,Egypt,Entry
Senior Mobile developer,Mobile Development,Unspecified,8,75000,5/24/1992,Egyptian,Hybird,Full Time,Cairo,Egypt,Lead
Odoo Developer,Software Developer,Odoo,0,7000,7/1/2025,Egyptian,Hybird,Full Time,Cairo,Egypt,Entry
Full stack web developer ,Full Stack,Unspecified,3,37000,7/25/2025,Egyptian,On Site,Full Time,Cairo,Egypt,Mid
Software tester ,Software Engineer,Testing,0,19000,6/25/2025,Not Egyptian,Hybird,Full Time,Cairo,Egypt,Entry
Senior C++ engineer,Software Engineer,C++,10,180000,8/1/2025,Not Egyptian,Remotely,Full Time,Cairo,Egypt,Lead
Software engineer,Software Engineer,Unspecified,2,20000,6/15/2025,Egyptian,On Site,Full Time,Giza,Egypt,Entry
.net developer,Software Developer,.Net,2,20000,6/15/2025,Egyptian,On Site,Full Time,Giza,Egypt,Entry
Python developer ,Software Developer,Python,4.5,55000,4/1/2025,Egyptian,Hybird,Full Time,Alexandria,Egypt,Mid
AI Engineer ,AI,AI /Data Science,1,25000,6/1/2025,Egyptian,Remotely,Full Time,Cairo,Egypt,Entry
Front end web developer ,Frontend,Unspecified,2,30000,7/25/2025,Egyptian,On Site,Full Time,Cairo,Egypt,Entry
Senior Data Management Engineer,Data Management Specialist,Databases,5,13100,1/1/2025,Egyptian,On Site,Full Time,Cairo,Egypt,Mid
Infrastructure Engineer,Cyber Security,Infrastructure,3,35000,7/17/2025,Egyptian,Hybird,Full Time,Cairo,Egypt,Mid
CRM Consultant ,CRM Engineer,CRM/ Microsoft Dynamics,2,15500,7/17/2025,Not Egyptian,On Site,Full Time,Saudi arabia,Saudi Arabia,Entry
Data Engineer ,Data Engineering,Unspecified,1,30000,8/1/2025,Not Egyptian,Remotely,Full Time,Cairo,Egypt,Entry
Data Analyst,Data Analysis,Excel/SQL/Power BI,2,13000,7/15/2025,Egyptian,On Site,Full Time,Alexandria,Egypt,Entry
IoT/embedded ,Embedded,IOT,1,22000,7/17/2025,Egyptian,On Site,Full Time,Cairo,Egypt,Entry
React native,Mobile Development,React Native,5,150000,7/17/2025,Not Egyptian,Remotely,Full Time,Cairo,Egypt,Mid
Senior full stack developer dot net ,Full Stack,.Net,8,70000,7/1/2025,Egyptian,Hybird,Full Time,Cairo,Egypt,Lead
Senior qc,Quality Control,Testing,4,53000,4/1/2025,Egyptian,Hybird,Full Time,Cairo,Egypt,Mid
full stack .net,Full Stack,.Net,5,46000,7/17/2025,Egyptian,Hybird,Full Time,Cairo,Egypt,Mid
Full Stack Laravel Developer,Full Stack,Laravel,3,25000,7/1/2025,Egyptian,Remotely,Full Time,Cairo,Egypt,Mid
Senior Android developer ,Mobile Development,Android,10,108787.5,7/17/2023,Not Egyptian,Hybird,Full Time,Cairo,Egypt,Lead
Flutter Developer ,Mobile Development,Flutter,4,36262.5,1/1/2025,Not Egyptian,Remotely,Full Time,Jordan,Jordan,Mid
Software quality control,Quality Control,Testing,3,58020,1/1/2025,Not Egyptian,Remotely,Full Time,Cairo,Egypt,Mid
Back end php developer,Backend,PHP,2,29010,7/1/2025,Egyptian,Remotely,Full Time,Giza,Egypt,Entry
Java developer,Software Developer,Java,1,25000,6/1/2025,Egyptian,Hybird,Full Time,Giza,Egypt,Entry
R&D Chemist ,R&D Chemist,R&D,1,8000,1/1/2025,Not Egyptian,On Site,Full Time,Qalyubia,Egypt,Entry
DevOps Engineer,DevOps,Unspecified,2,16000,7/1/2025,Egyptian,On Site,Full Time,Cairo,Egypt,Entry
Senior Analyst,Data Analysis,Excel/SQL/Power BI,5,30000,7/1/2025,Egyptian,On Site,Full Time,Cairo,Egypt,Mid
senior Automation Tester ,Automation Engineer,Testing,9,96700,7/1/2025,Egyptian,Remotely,Full Time,Cairo,Egypt,Lead
DevOps Engineer ,DevOps,Unspecified,1.5,24175,7/17/2025,Not Egyptian,On Site,Full Time,Cairo,Egypt,Entry
it specialist,IT,IT,2,10000,5/26/2025,Egyptian,On Site,Full Time,Cairo,Egypt,Entry
Test Automation Engineer,Automation Engineer,Testing,3,75000,3/2/2025,Not Egyptian,Hybird,Full Time,Cairo,Egypt,Mid
Teaching Assistant,Teaching Assistant,Academic,2,16000,7/17/2025,Egyptian,On Site,Full Time,New capital,Egypt,Entry
Nodejs Backend Developer ,Backend,Node.js,1.5,20000,7/17/2025,Not Egyptian,Remotely,Full Time,Giza,Egypt,Entry
System administrator ,System administrator,Databases,2,7500,6/8/2025,Egyptian,On Site,Full Time,Cairo,Egypt,Entry
Laravel,Backend,Laravel,4,30000,1/1/2025,Not Egyptian,On Site,Full Time,Saudi arabia,Saudi Arabia,Mid
Senior data engineer ,Data Engineering,Unspecified,4,80000,6/1/2025,Not Egyptian,Hybird,Full Time,France,France,Mid
Senior data engineer ,Data Engineering,Unspecified,4,70000,3/1/2025,Not Egyptian,Hybird,Full Time,France,France,Mid
DevOps engineer,DevOps,Unspecified,3,31000,7/27/2025,Egyptian,Hybird,Full Time,Cairo,Egypt,Mid
.net developer,Software Developer,.Net,2,40000,3/1/2025,Not Egyptian,On Site,Full Time,Cairo,Egypt,Entry
Software engineering intern,Software Engineer,Unspecified,1,10000,7/31/2025,Not Egyptian,Hybird,Full Time,Cairo,Egypt,Entry
Product Manager,Product Management,Unspecified,1,15000,7/11/2025,Egyptian,Hybird,Full Time,Cairo,Egypt,Entry
PHP Laravel developer ,Software Developer,Laravel/PHP,3,17000,7/1/2025,Egyptian,On Site,Full Time,Cairo,Egypt,Mid
Full stack .Net developer,Full Stack,.Net,1,12000,7/17/2025,Egyptian,On Site,Full Time,Alexandria,Egypt,Entry
Frontend Engineer,Software Engineer,Frontend,1.5,12500,7/17/2025,Egyptian,Remotely,Full Time,Cairo,Egypt,Entry
SAP Functional specialist ,SAP Engineer,SAP,2,13000,7/17/2025,Egyptian,On Site,Full Time,Cairo,Egypt,Entry
.net developer,Software Developer,.Net,0.67,12000,7/15/2025,Egyptian,On Site,Full Time,Alexandria,Egypt,Entry
Embedded software team leader ,Embedded,Leading/Embedded,13,48000,7/5/2025,Egyptian,On Site,Full Time,Cairo,Egypt,Management
Technical Team Lead,Technical Team Lead,Leading,8,90000,7/27/2025,Not Egyptian,Hybird,Full Time,Alexandria,Egypt,Lead
Software QC Engineer,Quality Control,Testing,1.5,13000,2/1/2025,Egyptian,Hybird,Full Time,Cairo,Egypt,Entry
Php laravel developer ,Software Developer,Laravel/PHP,3,25000,7/1/2025,Egyptian,Hybird,Full Time,Zagazig,Egypt,Mid
Network specialist ,IT,Network,3,25000,1/1/2025,Egyptian,Hybird,Full Time,Cairo,Egypt,Mid
Front-end developer,Frontend,Unspecified,4,35000,9/1/2024,Egyptian,On Site,Full Time,Cairo,Egypt,Mid
Frontend Engineer,Software Developer,Frontend,2,40000,1/1/2025,Egyptian,Remotely,Full Time,Cairo,Egypt,Entry
Data Analytics Engineer,Data Analysis,Excel/SQL/Power BI,3,55000,7/1/2025,Not Egyptian,Hybird,Full Time,New cairo,Egypt,Mid
Frontend Developer (Angular/React/VUE),Frontend,Angular / React.js / Vue.js,3,130000,8/1/1998,Not Egyptian,Remotely,Full Time,Canada,Canada,Mid
Senior Flutter Developer ,Mobile Development,Flutter,6,75000,1/31/2025,Egyptian,Remotely,Full Time,Cairo,Egypt,Senior
Senior full stack .net developer ,Full Stack,.Net,4,70000,7/17/2025,Not Egyptian,Hybird,Full Time,Cairo,Egypt,Mid
Junior Backend Developer ,Backend,Unspecified,1,16000,7/31/2025,Egyptian,Remotely,Full Time,No sites,No Sites,Entry
Backend web deceloper,Backend,Unspecified,1,31000,1/1/2025,Not Egyptian,Hybird,Full Time,Cairo,Egypt,Entry
sales analyst,Data Analysis,Sales,1.5,25000,7/1/2025,Egyptian,Hybird,Full Time,Cairo,Egypt,Entry
Product Security Engineer,Cyber Security,IT,2,70000,6/29/2025,Not Egyptian,Hybird,Full Time,Cairo,Egypt,Entry
Data center engineer,Data Center Engineer,Databases,1,15000,7/17/2025,Egyptian,Hybird,Full Time,Cairo,Egypt,Entry
Senior application support ,Software Developer,Java,3,22500,4/1/2025,Egyptian,Hybird,Full Time,Cairo,Egypt,Mid
Senior java developer ,Software Developer,Java,4,40000,7/18/1996,Egyptian,Hybird,Full Time,Cairo,Egypt,Mid
Machine Learning Engineer,AI,AI /Machine Learning,3,38000,7/28/2025,Egyptian,Hybird,Full Time,Cairo,Egypt,Mid
Android Developer,Mobile Development,Android,0,8000,5/1/2025,Egyptian,Remotely,Part Time,Mansoura,Egypt,Entry
Java developer ,Software Developer,Java,1,22000,7/1/2025,Egyptian,Hybird,Full Time,Cairo,Egypt,Entry
Flutter Developer,Mobile Development,Flutter,1,6000,4/9/2025,Egyptian,Hybird,Full Time,Cairo,Egypt,Entry
Flutter Developer,Mobile Development,Flutter,2,33845,3/1/2025,Not Egyptian,Remotely,Full Time,Uae,United Arab Emirates,Entry
IT Service Desk,IT,IT,6,10000,10/15/2024,Egyptian,On Site,Full Time,Cairo,Egypt,Senior
PHP Deveoper,Backend,PHP,3,18000,7/1/2025,Egyptian,On Site,Full Time,Mansoura,Egypt,Mid
Software Tester ,Software Engineer,Testing,3,40000,7/1/2025,Not Egyptian,Hybird,Full Time,Cairo,Egypt,Mid
Senior Java Spring Boot Developer ,Software Developer,Java/Spring boot,3,35000,7/20/2025,Not Egyptian,Hybird,Full Time,Cairo,Egypt,Mid
Hr Specialist ,HR,HR,2,4000,7/1/2025,Egyptian,Remotely,Part Time,Cairo,Egypt,Entry
Senior java experience ,Software Developer,Java,9,90000,7/17/2025,Not Egyptian,Hybird,Full Time,Cairo,Egypt,Lead
Senior Internal Auditor and Process Improvement  (Tech Industry),Internal Auditor,Management,2,130000,7/17/2025,Egyptian,Remotely,Full Time,Cairo,Egypt,Entry
Android Developer,Software Developer,Android,2,40000,7/1/2025,Not Egyptian,On Site,Full Time,Cairo,Egypt,Entry
Devops Engineer ,DevOps,Unspecified,1,12500,6/1/2025,Egyptian,Remotely,Full Time,Cairo,Egypt,Entry
RPA developer ,Automation Engineer,RPA,2,32000,6/24/2025,Not Egyptian,Hybird,Full Time,Cairo,Egypt,Entry
font end developer,Frontend,Unspecified,2,23500,5/4/2025,Not Egyptian,On Site,Full Time,Giza,Egypt,Entry
Software engineer,Software Engineer,Unspecified,1,18000,3/1/2025,Not Egyptian,Remotely,Full Time,Uae,United Arab Emirates,Entry
Flutter developer,Mobile Development,Flutter,4,28000,6/25/2025,Egyptian,On Site,Full Time,Cairo,Egypt,Mid
iOS developer ,Mobile Development,IOS,3,30000,5/1/2024,Egyptian,Remotely,Full Time,Cairo,Egypt,Mid
.Net developer,Software Developer,.Net,1,14000,1/1/2025,Egyptian,Remotely,Full Time,Cairo,Egypt,Entry
Devops Enginner,DevOps,Unspecified,2,90090,7/18/2025,Egyptian,On Site,Full Time,Saudi arabia,Saudi Arabia,Entry
Senior software ,Software Engineer,Unspecified,7,62855,2/1/2025,Not Egyptian,Hybird,Full Time,Cairo,Egypt,Senior
IP Datacom customer support,IT,IT,2,28000,7/25/2025,Egyptian,On Site,Full Time,Giza,Egypt,Entry
Network Automation Engineer,IT,Network/Automation,2,174060,6/25/2025,Not Egyptian,Remotely,Full Time,Poland,Poland,Entry
Network Engineer,IT,Network,2,15000,6/25/2025,Egyptian,Hybird,Full Time,Giza,Egypt,Entry
Web Developer,Web Development,Backend/Frontend,0,8500,1/1/2025,Egyptian,Remotely,Full Time,Cairo,Egypt,Entry
System Administrator ,System Administrator,Databases,4,33000,7/17/2025,Egyptian,On Site,Full Time,Cairo,Egypt,Mid
Senior Data Analyst ,Data Analysis,Excel/SQL/Power BI,5,30000,6/30/2025,Egyptian,On Site,Full Time,Cairo,Egypt,Mid
Android Developer,Mobile Development,Android,6,77456.7,7/17/2025,Not Egyptian,Remotely,Full Time,Saudi arabia,Saudi Arabia,Senior
Flutter Developer,Mobile Development,Flutter,3,35000,2/12/1997,Not Egyptian,Hybird,Full Time,Cairo,Egypt,Mid
Data Engineering ,Data Engineering,Unspecified,0,15000,7/17/2025,Egyptian,On Site,Full Time,New cairo,Egypt,Entry
SQL DBA | OCI admin,Database Administrator,OCI,2,17000,7/17/2025,Egyptian,On Site,Full Time,Cairo,Egypt,Entry
Software Engineer,Software Engineer,Unspecified,2.5,28000,7/17/2025,Not Egyptian,Hybird,Full Time,Cairo,Egypt,Entry
Flutter Developer ,Mobile Development,Flutter,2,8000,7/17/2025,Egyptian,On Site,Full Time,Uae,United Arab Emirates,Entry
Flutter Developer ,Mobile Development,Flutter,1.5,10500,6/1/2025,Egyptian,On Site,Full Time,Saudi arabia,Saudi Arabia,Entry
Senior Ruby On Rails engineer,Software Engineer,Ruby,9,396470,12/31/2024,Not Egyptian,Remotely,Full Time,Usa,United States of America,Lead
associate cybersecurity consultant,Cyber Security,Unspecified,2,40000,7/17/2025,Not Egyptian,Hybird,Full Time,Cairo,Egypt,Entry
Mern-Stack Developer,Full Stack,MongoDB/Express.js/React/Node.js,2,20000,7/1/2025,Egyptian,Remotely,Full Time,Cairo,Egypt,Entry
Coding instructor,Instructor,Coding,0.67,15800,7/1/2001,Egyptian,Remotely,Full Time,Cairo,Egypt,Entry
AI & Data Science Engineer,AI,AI /Data Science,0.67,10000,2/15/2025,Egyptian,Hybird,Full Time,Cairo,Egypt,Entry
Backend Engineer,Software Engineer,Backend,2,45000,1/1/2025,Egyptian,On Site,Full Time,Giza,Egypt,Entry
Senior Software Engineer (Backend),Software Engineer,Backend,5,140625,7/26/2025,Not Egyptian,Hybird,Full Time,Germany,Germany,Mid
Senior dot net developer,Software Developer,.Net,6,65000,1/1/2025,Egyptian,Remotely,Full Time,Cairo,Egypt,Senior
Data Analyst,Data Analysis,Excel/SQL/Power BI,1,7800,6/1/2025,Egyptian,Hybird,Full Time,Cairo,Egypt,Entry
Data Analyst,Data Analysis,Excel/SQL/Power BI,1,12000,6/1/2025,Egyptian,On Site,Full Time,Cairo,Egypt,Entry
Data Analysis Instructor,Instructor,Data Analysis,2,18000,6/1/2025,Egyptian,On Site,Full Time,Cairo,Egypt,Entry
HR Generalist ,HR,HR,5,25000,7/1/2025,Not Egyptian,Remotely,Full Time,Saudi arabia,Saudi Arabia,Mid
Frontend Developer,Frontend,Unspecified,2,8000,7/30/2025,Not Egyptian,Remotely,Full Time,London,United Kingdom,Entry
Full-Stack Java Developer ,Full Stack,Java,2,55602.5,5/1/2025,Egyptian,Remotely,Full Time,Oman,Oman,Entry
Data Analyst,Data Analysis,Excel/SQL/Power BI,1.5,14000,7/17/2025,Egyptian,On Site,Full Time,Cairo,Egypt,Entry
Java Developer,Software Developer,Java,2,45000,7/1/2025,Egyptian,On Site,Full Time,Cairo,Egypt,Entry
Front end team lead,Frontend,Leading,10,165000,1/1/2025,Not Egyptian,Remotely,Full Time,Saudi arabia,Saudi Arabia,Lead
Fullstack developer ,Full Stack,Unspecified,3,8000,5/1/2025,Not Egyptian,Remotely,Full Time,London,United Kingdom,Mid
Dig Data Engineer,AI,Big Data,1,30000,8/3/2025,Egyptian,Hybird,Full Time,Cairo,Egypt,Entry
Project Manager,Product Management,Unspecified,2,12000,1/1/2025,Egyptian,Hybird,Full Time,Cairo,Egypt,Entry
Data Analyst,Data Analysis,Excel/SQL/Power BI,1,20000,6/1/2025,Egyptian,Hybird,Full Time,Cairo,Egypt,Entry
.net developer,Software Developer,.Net,1,14000,1/1/2025,Egyptian,Remotely,Full Time,Cairo,Egypt,Entry
BigData Engineer,AI,Big Data,1,30000,8/3/2025,Egyptian,Hybird,Full Time,Cairo,Egypt,Entry
Senior product analyst ,Data Analysis,Business,3.6,55000,7/1/2025,Egyptian,Hybird,Full Time,Cairo,Egypt,Mid
iOS Developer,Software Developer,IOS,4,36000,10/1/2024,Egyptian,Hybird,Full Time,Giza,Egypt,Mid
Application support specialist,IT,IT,5,22000,4/7/2025,Egyptian,Hybird,Full Time,Cairo,Egypt,Mid
"C, cpp developer ",Software Developer,C++,2,24000,5/4/2025,Egyptian,On Site,Full Time,Cairo,Egypt,Entry
Full Stack .Net Developer,Full Stack,.Net,2,15000,7/1/2025,Egyptian,Remotely,Full Time,Cairo,Egypt,Entry
Testing intern,Software Engineer,Testing,0,9670,6/1/2025,Not Egyptian,On Site,Full Time,New cairo,Egypt,Entry
Staff software developer,Software Developer,Unspecified,7,80000,2/2/2025,Egyptian,Hybird,Full Time,Cairo,Egypt,Senior
Admin Officer,Admin Officer,Management,1,7500,7/17/2025,Egyptian,On Site,Full Time,Sharqia,Egypt,Entry
Tech lead manager,Tech Lead Manager,Management,8,68000,1/1/2025,Egyptian,Hybird,Full Time,Cairo,Egypt,Lead
DevOps Engineer,DevOps,Unspecified,5,96700,7/16/2025,Not Egyptian,Remotely,Full Time,Cairo,Egypt,Mid
Backend developer ,Backend,Unspecified,1,3000,7/1/2025,Egyptian,Remotely,Part Time,Cairo,Egypt,Entry
Odoo developer ,Software Developer,Odoo,1,4000,7/5/2025,Egyptian,Remotely,Full Time,Alexandria,Egypt,Entry
Senior PHP developer,Backend,PHP,5,96700,6/30/2025,Not Egyptian,Remotely,Full Time,Usa,United States of America,Mid
Embedded Linux Engineer,Embedded,Linux,1.5,23000,3/1/2025,Not Egyptian,On Site,Full Time,Cairo,Egypt,Entry
ML Intern,AI,AI /Machine Learning,0,3000,8/1/2025,Egyptian,Hybird,Full Time,Cairo,Egypt,Entry
Technical Support Engineer,IT,IT,2,12000,7/17/2025,Egyptian,Hybird,Full Time,Cairo,Egypt,Entry
UAT Senior Specialist,UAT Senior Specialist,Testing,3,16800,7/17/2025,Egyptian,Hybird,Full Time,Cairo,Egypt,Mid
Senior Full Stack Engineer,Full Stack,Backend/Frontend,4,40000,12/15/2024,Egyptian,Hybird,Full Time,Cairo,Egypt,Mid
Vue front-end developer ,Frontend,Vue.js,4,22000,4/1/2025,Egyptian,Hybird,Full Time,Cairo,Egypt,Mid
Full stack developer,Full Stack,Backend/Frontend,1,32000,8/1/2025,Egyptian,Hybird,Full Time,Cairo,Egypt,Entry
Fullstack Developer (.NET/Angular),Full Stack,.Net / Angular,6,106370,1/1/2025,Not Egyptian,Remotely,Full Time,Saudi arabia,Saudi Arabia,Senior
IT First Line ,IT,IT,2.5,17000,3/1/2025,Egyptian,Hybird,Full Time,Cairo,Egypt,Entry
Data & AI Engineer,AI,AI /Data Science,1,98625,3/1/2025,Not Egyptian,On Site,Full Time,Cairo,Egypt,Entry
Data & AI Engineer,AI,AI /Data Science,1,30000,7/17/2025,Egyptian,Hybird,Full Time,Cairo,Egypt,Entry
Cluster revenue analyst ,Cluster Revenue Analysis,Sales,3,21450,7/17/2025,Egyptian,On Site,Full Time,Cairo,Egypt,Mid
React native developer,Frontend,React Native,1,30000,7/17/2025,Egyptian,Hybird,Full Time,Cairo,Egypt,Entry
RA,Research Assistant,Academic,0,8000,7/17/2025,Egyptian,On Site,Full Time,Cairo,Egypt,Entry
full stack sw eng,Full Stack,Backend/Frontend,1,48000,7/10/2025,Not Egyptian,Hybird,Full Time,Cairo,Egypt,Entry
Frontend Developer React,Frontend,React.js,1,25000,4/1/2025,Not Egyptian,Hybird,Full Time,Cairo,Egypt,Entry
Fresh Data Engineer,Data Engineering,Unspecified,0.25,15000,9/4/2001,Egyptian,On Site,Full Time,Cairo,Egypt,Entry
Fullstack Developer,Full Stack,Backend/Frontend,1,15000,7/17/2025,Egyptian,Hybird,Full Time,Cairo,Egypt,Entry
Fresh Data Engineer,Data Engineering,Unspecified,0.25,15000,6/27/2025,Egyptian,On Site,Full Time,Cairo,Egypt,Entry
Full stack software (.net and angular),Full Stack,.Net / Angular,2.8,32878,6/21/2025,Egyptian,Remotely,Full Time,Cairo,Egypt,Entry
Angular Developer,Frontend,Angular,1,9000,8/17/2024,Egyptian,Remotely,Full Time,Cairo,Egypt,Entry
PHP Deveoper,Backend,PHP,4,72525,1/1/2025,Not Egyptian,Remotely,Full Time,Usa,United States of America,Mid
Senior Open-Source VoIP System Engineer | Tier 3 Technical Support Engineer,IT,VoIP,12,145050,7/17/2025,Not Egyptian,Hybird,Full Time,Saudi arabia,Saudi Arabia,Management
Frontend Developer,Frontend,Unspecified,2,24175,7/17/2025,Not Egyptian,Remotely,Full Time,Jordan,Jordan,Entry
Software Engineer,Software Engineer,Unspecified,1,30000,7/17/2025,Egyptian,Hybird,Part Time,Alexandria,Egypt,Entry
Software Engineer 2 (Front-end Developer),Software Engineer,Frontend,4,73151,6/1/2025,Not Egyptian,Remotely,Full Time,Germany,Germany,Mid
Full Stack Developer,Full Stack,Backend/Frontend,2,24175,7/20/2025,Not Egyptian,Remotely,Full Time,Denmark,Denmark,Entry
Software Engineer,Software Engineer,Unspecified,0.67,20000,10/10/2024,Egyptian,Hybird,Part Time,Alexandria,Egypt,Entry
Project Manager,Product Management,Unspecified,15,60000,7/17/2025,Egyptian,Hybird,Full Time,Cairo,Egypt,Management
Structural Steel detailer,Structural Steel detailer,Steel Engineer,3.5,15000,4/4/1997,Egyptian,On Site,Full Time,Alexandria,Egypt,Mid
Frontend web developer ,Frontend,Unspecified,1,15000,7/15/2025,Not Egyptian,Remotely,Full Time,Canada,Canada,Entry
Software Engineer (.NET stack),Software Engineer,.Net,2,62855,7/17/2025,Not Egyptian,Remotely,Full Time,Usa,United States of America,Entry
Junior data scientist ,AI,AI /Data Science,1,23000,3/15/2025,Egyptian,Hybird,Full Time,Cairo,Egypt,Entry
DevOps Infrastructure ,DevOps,Unspecified,2,62000,7/28/2025,Egyptian,Hybird,Full Time,Cairo,Egypt,Entry
Dotnet Developer,Software Developer,.Net,2.5,25000,1/1/2025,Egyptian,Hybird,Full Time,Cairo,Egypt,Entry
Software tester,Software Engineer,Testing,6,60000,3/1/2025,Egyptian,Hybird,Full Time,Cairo,Egypt,Senior
Web Scraping Specialist ,AI,Web Scraping,5,72525,3/15/2023,Not Egyptian,Hybird,Full Time,Kuwait,Kuwait,Mid
DevOps Engineer,DevOps,Unspecified,3.5,72525,6/30/2025,Not Egyptian,Hybird,Full Time,Cairo,Egypt,Mid
BI analyst ,Business Intelligence,Business,2,27000,7/18/2025,Egyptian,Hybird,Full Time,Cairo,Egypt,Entry
Resident engineer telecom company ,IT,IT,8,94000,7/1/2025,Egyptian,Hybird,Part Time,Cairo,Egypt,Lead
Backend Engineer,Backend,Unspecified,5,106370,8/7/2025,Not Egyptian,Remotely,Full Time,Saudi arabia,Saudi Arabia,Mid
Senior Data Engineer ,Data Engineering,Unspecified,3,57000,7/18/2025,Egyptian,Hybird,Full Time,Cairo,Egypt,Mid
Senior Penetration Tester,Cyber Security,Pentration Testing,3,60000,7/1/2025,Not Egyptian,Hybird,Full Time,Cairo,Egypt,Mid
Devops engineer ,DevOps,Unspecified,1,16500,7/25/2025,Egyptian,On Site,Full Time,Alexandria,Egypt,Entry
full Stack Developer,Full Stack,Backend/Frontend,1.5,4000,7/17/2025,Not Egyptian,On Site,Full Time,Morocco,Morocco,Entry
Senuor java fullstack,Full Stack,Java,10,120000,6/1/2025,Egyptian,Hybird,Full Time,Cairo,Egypt,Lead
Senior java fullstack,Full Stack,Java,10,120000,6/1/2025,Egyptian,Hybird,Full Time,Cairo,Egypt,Lead
Senior Software Engineer,Software Engineer,Unspecified,4,85000,7/18/2025,Egyptian,Remotely,Full Time,Cairo,Egypt,Mid
UX intern ,Digital Designer,UX,1,5000,7/1/2025,Not Egyptian,Hybird,Full Time,Cairo,Egypt,Entry
Telecom Engineer ,IT,Telecom,1.5,12000,1/31/2025,Egyptian,On Site,Full Time,Cairo,Egypt,Entry
Demand planner - Retail,Demand Planner,Sales,2,28000,6/1/2025,Egyptian,Hybird,Full Time,Cairo,Egypt,Entry
Industrial Automation Engineer (Oil&gas) sector,AI,AI /Automation,1.5,47500,6/30/2025,Egyptian,On Site,Full Time,Cairo,Egypt,Entry
Software Test Engineer,Software Engineer,Testing,2,35000,8/1/2025,Not Egyptian,Hybird,Full Time,Cairo,Egypt,Entry
Java and Angular Fullstack Developer ,Full Stack,Java/Angular,2.5,65000,7/1/2025,Not Egyptian,Hybird,Full Time,Cairo,Egypt,Entry
BI Analyst,Business Intelligence,Business,4,23000,7/28/2025,Not Egyptian,Remotely,Full Time,Cairo,Egypt,Mid
JAVA developer ,Software Developer,Java,3,55000,7/18/2025,Not Egyptian,Hybird,Full Time,Cairo,Egypt,Mid
Android ,Mobile Development,Android,2,25000,7/18/2025,Egyptian,Hybird,Full Time,Cairo,Egypt,Entry
Data analytics Consultant,Data Analysis,Excel/SQL/Power BI,4,50000,1/1/2025,Not Egyptian,Hybird,Full Time,Cairo,Egypt,Mid
. Net developer,Software Developer,.Net,0.5,13000,7/18/2025,Egyptian,On Site,Full Time,Cairo,Egypt,Entry
Senior backend developer ,Backend,Unspecified,3,50000,7/18/2025,Egyptian,Hybird,Full Time,Cairo,Egypt,Mid
Laravel Developer,Software Developer,Laravel,1,20000,7/20/2025,Egyptian,Remotely,Full Time,Saudi arabia,Saudi Arabia,Entry
Data Analyst,Data Analysis,Excel/SQL/Power BI,2.5,32000,1/1/2025,Egyptian,Hybird,Full Time,Cairo,Egypt,Entry
Software Engineer ,Software Engineer,Unspecified,5,100000,7/25/2025,Not Egyptian,Hybird,Full Time,Cairo,Egypt,Mid
CTO,CTO,Business,18,213826,7/18/2025,Not Egyptian,On Site,Full Time,Cairo,Egypt,Management
Full stack Java and React,Full Stack,Java/React.js,4,163183,5/5/2025,Not Egyptian,Remotely,Full Time,Germany,Germany,Mid
UX/UI Designer,Digital Designer,UI/UX,1.5,8000,5/31/2025,Egyptian,On Site,Full Time,Cairo,Egypt,Entry
DevOps Engineer ,DevOps,Unspecified,2,60000,4/1/2025,Egyptian,Hybird,Full Time,Cairo,Egypt,Entry
Android developer ,Mobile Development,Android,6,65000,5/1/2025,Not Egyptian,Hybird,Full Time,Alexandria,Egypt,Senior
Software Engineer,Software Engineer,Unspecified,1,120875,7/18/2025,Not Egyptian,Remotely,Full Time,Usa,United States of America,Entry
Presales ,Automation Engineer,Presales,0.17,6000,7/18/2025,Egyptian,On Site,Full Time,Cairo,Egypt,Entry
FullStack .NET Developer,Full Stack,.Net,0,15000,6/15/2025,Egyptian,On Site,Full Time,Cairo,Egypt,Entry
Senior software engineer ,Software Engineer,Unspecified,6,225080,8/1/2023,Not Egyptian,Remotely,Full Time,Switzerland,Switzerland,Senior
Data Scientist,AI,AI /Data Science,3,81000,1/1/2025,Not Egyptian,Hybird,Full Time,Cairo,Egypt,Mid
Supervisor Telesales ,IT,Sales,7,12000,7/18/2025,Egyptian,On Site,Full Time,Cairo,Egypt,Senior
Senior Flutter Developer,Mobile Development,Flutter,5,72525,6/1/2025,Not Egyptian,Remotely,Full Time,Usa,United States of America,Mid
Data analyst purchasing,Data Analysis,Excel/SQL/Power BI,2,42000,7/16/2025,Not Egyptian,Hybird,Full Time,Germany,Germany,Entry
Data Analyst,Data Analysis,Excel/SQL/Power BI,1,15000,8/1/2025,Egyptian,On Site,Full Time,New cairo,Egypt,Entry
Maintenance planning engineer,Software Engineer,Maintenance,0,12000,7/18/2025,Not Egyptian,On Site,Full Time,Cairo,Egypt,Entry
Technical Support Manager ,IT,Leading,4,24150,1/1/2025,Not Egyptian,On Site,Full Time,Giza,Egypt,Mid
Sr. Frontend developer,Frontend,Unspecified,3.6,45932.5,1/1/2025,Not Egyptian,Remotely,Full Time,Cairo,Egypt,Mid
Java developer ,Software Developer,Java,1,18000,7/18/2025,Egyptian,Remotely,Full Time,Alexandria,Egypt,Entry
Full stack Engineer,Software Engineer,Full Stack,2,24175,8/1/2024,Egyptian,On Site,Full Time,Alexandria,Egypt,Entry
AI Engineer,AI,AI /Data Science,4,55602.5,1/1/2025,Not Egyptian,On Site,Full Time,Giza,Egypt,Mid
AI Engineer ,AI,AI /Data Science,4,57000,1/1/2025,Not Egyptian,On Site,Full Time,Giza,Egypt,Mid
Software QC Engineer,Quality Control,Testing,0.5,25000,7/29/2025,Not Egyptian,Hybird,Full Time,Cairo,Egypt,Entry
Software Testing Engineer,Software Engineer,Testing,0.5,9000,7/1/2025,Not Egyptian,Hybird,Part Time,Cairo,Egypt,Entry
Full stack.net developer,Full Stack,.Net,2.5,25000,5/1/2025,Egyptian,Hybird,Full Time,Cairo,Egypt,Entry
Flutter Dev,Mobile Development,Flutter,1,15000,7/18/2025,Not Egyptian,Remotely,Full Time,Uk,United Kingdom,Entry
Data Scientist,AI,AI /Data Science,3,30000,7/18/2025,Egyptian,On Site,Full Time,Cairo,Egypt,Mid
Accountant,Accountant,Accountant,1.5,11500,6/25/2025,Egyptian,On Site,Full Time,Cairo,Egypt,Entry
Automotive Embedded Software Test Engineer ,Embedded,Automation/Testing,4,75000,6/26/2025,Not Egyptian,Hybird,Full Time,Cairo,Egypt,Mid
Full stack software engineer ,Software Engineer,Full Stack,3,42000,1/30/2025,Egyptian,Remotely,Full Time,Cairo,Egypt,Mid
Android Developer,Mobile Development,Android,1,25000,7/18/2025,Egyptian,Hybird,Full Time,Cairo,Egypt,Entry
Frontend developer React Nextjs ,Frontend,React.js / Next.js,3,48350,7/18/2025,Not Egyptian,Remotely,Full Time,Dubai,United Arab Emirates,Mid
Frontend developer React ,Frontend,React.js,3,15000,7/18/2025,Not Egyptian,Remotely,Part Time,Jordan,Jordan,Mid
Data Engineer,Data Engineering,Unspecified,3,100000,1/23/2025,Not Egyptian,Hybird,Full Time,Cairo,Egypt,Mid
Frontend Developer ,Frontend,Unspecified,2,24000,8/20/2024,Not Egyptian,Remotely,Full Time,Dubai,United Arab Emirates,Entry
Senior DevOps Engineer,DevOps,Unspecified,2,60000,8/1/2025,Egyptian,Hybird,Full Time,Cairo,Egypt,Entry
RnD computer vision engineer,AI,Computer Vision/R&D,1.5,17250,7/19/2025,Egyptian,Remotely,Part Time,Cairo,Egypt,Entry
IT Technical help desk support ,IT,IT,2,10000,4/1/2025,Not Egyptian,On Site,Full Time,Cairo,Egypt,Entry
Surveying engineer ,Surveying Engineer,Engineering,2,6900,6/25/2025,Egyptian,On Site,Full Time,Cairo,Egypt,Entry
NLP R&D engineer ,AI,NLP/R&D,1,35000,7/19/2025,Egyptian,On Site,Full Time,Alexandria,Egypt,Entry
React Native developer,Frontend,React Native,1,12000,8/1/2025,Egyptian,On Site,Full Time,Cairo,Egypt,Entry
Frontend developer React,Frontend,React.js,0.5,8000,7/1/2025,Egyptian,Remotely,Part Time,Cairo,Egypt,Entry
Software Engineer,Software Engineer,Unspecified,1,17000,7/19/2025,Egyptian,On Site,Full Time,Cairo,Egypt,Entry
Soc analyst t 1,Cyber Security,SOC,3,30000,1/1/2025,Egyptian,Hybird,Full Time,Cairo,Egypt,Mid
Node.js developer,Backend,Node.js,1,6000,11/10/2024,Egyptian,Remotely,Full Time,Alexandria,Egypt,Entry
"Senior MLOps, Senior AI",AI,AI/MLOps,5,80000,6/24/2025,Not Egyptian,Hybird,Full Time,Cairo,Egypt,Mid
Software Development and Cybersecurity Specialist,Cyber Security,Unspecified,1,40000,7/19/2025,Egyptian,Remotely,Full Time,Cairo,Egypt,Entry
Backend Developer PHP/Laravel,Backend,Laravel/PHP,1.5,13500,7/1/2025,Egyptian,Hybird,Full Time,Cairo,Egypt,Entry
Fullstack .net developer,Full Stack,.Net,0,21000,7/31/2025,Not Egyptian,Hybird,Full Time,Cairo,Egypt,Entry
Senior SOC Analyst,Cyber Security,SOC,5,65000,7/19/2025,Egyptian,On Site,Full Time,Cairo,Egypt,Mid
C++ software engineer ,Software Engineer,C++,1.5,27750,7/1/2025,Egyptian,Remotely,Full Time,Cairo,Egypt,Entry
.net developer,Software Developer,.Net,2.5,20000,6/22/2025,Egyptian,Hybird,Full Time,Cairo,Egypt,Entry
Software Engineer,Software Engineer,Unspecified,2,12000,7/19/2025,Egyptian,On Site,Full Time,Cairo,Egypt,Entry
QA Intern,Quality Assurance,Testing,0,16922.5,7/19/2025,Not Egyptian,Hybird,Full Time,Cairo,Egypt,Entry
Front end developer,Frontend,Unspecified,3,50000,1/1/2025,Egyptian,Hybird,Full Time,Cairo,Egypt,Mid
PHP Deveoper,Backend,PHP,3,30000,2/18/2025,Not Egyptian,Remotely,Part Time,Saudi arabia,Saudi Arabia,Mid
Infrastructure Manager,IT,Infrastructure,10,45000,7/15/2025,Not Egyptian,On Site,Full Time,Alexandria,Egypt,Lead
react js developer,Frontend,React.js,3,55000,11/1/2024,Not Egyptian,Hybird,Full Time,Cairo,Egypt,Mid
Product Manager,Product Management,Unspecified,3,55000,6/27/2025,Egyptian,On Site,Full Time,Cairo,Egypt,Mid
Android Developer ,Mobile Development,Android,2.5,40000,1/1/2025,Not Egyptian,Hybird,Full Time,Cairo,Egypt,Entry
Frontend Developer ,Frontend,Unspecified,6,24000,5/1/2025,Not Egyptian,Remotely,Full Time,Saudi arabia,Saudi Arabia,Senior
PHP Deveoper,Backend,PHP,6,45000,1/1/2025,Egyptian,Remotely,Full Time,Cairo,Egypt,Senior
Node.js developer ,Backend,Node.js,3,100000,5/1/2024,Not Egyptian,Hybird,Full Time,Cairo,Egypt,Mid
Full stack web developer ,Full Stack,Unspecified,3.5,30000,7/19/2025,Egyptian,On Site,Full Time,Cairo,Egypt,Mid
Senior FrontEnd (React and React Native),Frontend,React Native,6,65272.5,6/15/2025,Not Egyptian,Hybird,Full Time,Saudi arabia,Saudi Arabia,Senior
PHP Deveoper,Backend,PHP,1.5,11000,7/1/2025,Egyptian,On Site,Full Time,Giza,Egypt,Entry
Data engineer ,Data Engineering,Unspecified,2,37000,7/19/2025,Egyptian,Hybird,Full Time,Cairo,Egypt,Entry
Senior Software Engineer ,Software Engineer,Unspecified,3,45000,8/1/2025,Egyptian,Hybird,Full Time,Giza,Egypt,Mid
Dot net developei,Software Developer,.Net,8,96700,3/23/2025,Not Egyptian,Remotely,Full Time,Saudi arabia,Saudi Arabia,Lead
Software Engineer,Software Engineer,Unspecified,0.5,25000,6/30/2025,Not Egyptian,Remotely,Full Time,Cairo,Egypt,Entry
Frontend Developer,Frontend,Unspecified,1,12000,7/9/2025,Egyptian,Remotely,Full Time,Cairo,Egypt,Entry
Mid-Level DevOps Engineer,DevOps,Unspecified,2.5,25000,7/26/2025,Egyptian,Remotely,Full Time,Alexandria,Egypt,Entry
Backend developer (django+nestjs),Backend,Next.js / Django,2,9670,7/19/2025,Egyptian,Remotely,Full Time,Cairo,Egypt,Entry
Data Scientist,AI,AI /Data Science,4,95000,7/19/2025,Not Egyptian,Hybird,Full Time,Saudi arabia,Saudi Arabia,Mid
Clinical engineer ,Clinical Engineer,Medical,1,5000,7/21/2024,Egyptian,On Site,Full Time,Cairo,Egypt,Entry
Senior Frontend Developer ,Frontend,Unspecified,6,100000,7/10/2025,Not Egyptian,Remotely,Full Time,Cairo,Egypt,Senior
Electrical Maintenance Engineer ,Electrical Engineer,Maintenance,5,18000,7/19/2025,Egyptian,On Site,Full Time,Sharqia,Egypt,Mid
Senior .net developer ,Software Developer,.Net,5,100000,1/1/2025,Egyptian,Remotely,Full Time,Cairo,Egypt,Mid
Senior Front-End,Frontend,Unspecified,5,58020,12/20/2024,Egyptian,Remotely,Full Time,Saudi arabia,Saudi Arabia,Mid
Software engineer(backend),Backend,Unspecified,8,174000,1/20/2025,Not Egyptian,On Site,Full Time,Jordan,Jordan,Lead
Software engineer machine learning ,AI,AI /Machine Learning,0,25000,7/20/2025,Not Egyptian,Hybird,Full Time,Cairo,Egypt,Entry
Senior Data Analyst ,Data Analysis,Excel/SQL/Power BI,6,71074.5,7/25/2025,Not Egyptian,Remotely,Full Time,Saudi arabia,Saudi Arabia,Senior
Senior Software Engineer,Software Engineer,Unspecified,10,105000,7/20/2025,Not Egyptian,Hybird,Full Time,Cairo,Egypt,Lead
Broadcast engineer ,Broadcast Engineer,Engineering,0.25,12000,7/20/2025,Egyptian,On Site,Full Time,Cairo,Egypt,Entry
Operation Analyst,Operation Analyst,Data Analysis,1,15000,7/20/2025,Egyptian,On Site,Full Time,Cairo,Egypt,Entry
Senior C++ Engineer,Software Engineer,C++,8,140000,3/1/2023,Not Egyptian,Hybird,Full Time,Cairo,Egypt,Lead
Frontend Developer,Frontend,Unspecified,5,74942.5,7/29/2025,Not Egyptian,Remotely,Full Time,Cairo,Egypt,Mid
Junior data analyst ,Data Analysis,Excel/SQL/Power BI,1,6000,1/1/2025,Egyptian,Hybird,Full Time,Cairo,Egypt,Entry
Fullstack developer,Full Stack,Backend/Frontend,3,20000,6/30/2025,Egyptian,Hybird,Full Time,Cairo,Egypt,Mid
Python Dev,Software Developer,Python,2.5,48350,7/1/2025,Not Egyptian,Remotely,Full Time,Saudi arabia,Saudi Arabia,Entry
Backend Developer,Backend,Unspecified,2,18000,6/1/2025,Egyptian,Hybird,Full Time,New cairo,Egypt,Entry
Data modeler,Data modeler,Databases,2,35000,7/20/2025,Egyptian,Hybird,Full Time,Cairo,Egypt,Entry
Data Analyst,Data Analysis,Excel/SQL/Power BI,2,35000,4/15/2025,Not Egyptian,Hybird,Full Time,Cairo,Egypt,Entry
Backend developer ,Backend,Unspecified,1,20000,7/21/2025,Egyptian,Hybird,Full Time,Giza,Egypt,Entry
sap abap developer,IT,SAP,1,30000,7/25/2025,Not Egyptian,Hybird,Full Time,Giza,Egypt,Entry
Data Analyst,Data Analysis,Excel/SQL/Power BI,1,10000,7/21/2025,Not Egyptian,Hybird,Full Time,Usa,United States of America,Entry
Operational analyst,Operation Analyst,Data Analysis,1,17000,5/15/2025,Egyptian,Hybird,Full Time,Cairo,Egypt,Entry
Network engineer ,IT,Network,5,55000,7/28/2025,Egyptian,Hybird,Full Time,Cairo,Egypt,Mid
Senior DevOps,DevOps,Unspecified,1,35000,1/1/2025,Egyptian,On Site,Full Time,Cairo,Egypt,Entry
Ai RnD Engineer,AI,AI /R&D,0,4000,7/21/2025,Not Egyptian,On Site,Full Time,Cairo,Egypt,Entry
Flutter Developer,Mobile Development,Flutter,3,10000,6/1/2025,Egyptian,Remotely,Full Time,Cairo,Egypt,Mid
Associate android software engineer ,Mobile Development,Android,1,30000,7/21/2025,Egyptian,Hybird,Full Time,Cairo,Egypt,Entry
Android Developer Trainee,Mobile Development,Android,0.25,6000,7/21/2025,Egyptian,Hybird,Full Time,Cairo,Egypt,Entry
Flutter Developer ,Mobile Development,Flutter,2,12000,7/21/2025,Egyptian,Hybird,Full Time,Alexandria,Egypt,Entry
Golang developer ,Backend,GO,2,18000,7/21/2025,Egyptian,On Site,Full Time,Cairo,Egypt,Entry
.Net Developer,Software Developer,.Net,2,35000,5/22/2025,Egyptian,Hybird,Full Time,Giza,Egypt,Entry
C# & Go Developer,Software Developer,C#/GO,9,40000,6/1/2025,Egyptian,On Site,Full Time,Cairo,Egypt,Lead
C# & Go Developer,Software Developer,C#/GO,9,40000,6/1/2025,Egyptian,On Site,Full Time,Cairo,Egypt,Lead
Cloud administrator,IT,Cloud,3,28000,1/1/2025,Egyptian,Hybird,Full Time,Cairo,Egypt,Mid
.net developer ,Software Developer,.Net,0.5,17000,7/16/2025,Egyptian,Hybird,Full Time,Cairo,Egypt,Entry
Senior Flutter developer ,Mobile Development,Flutter,5,96700,7/22/2025,Egyptian,Hybird,Full Time,Cairo,Egypt,Mid
Flutter Developer ,Mobile Development,Flutter,1,8000,7/22/2025,Egyptian,On Site,Full Time,Cairo,Egypt,Entry
Flutter Developer ,Mobile Development,Flutter,1.5,20000,7/22/2025,Egyptian,Remotely,Full Time,Cairo,Egypt,Entry
Business Developer ,Business Intelligence,Business,4,8000,5/13/2025,Egyptian,On Site,Full Time,Alexandria,Egypt,Mid
AMS Layout Design Engineer,AMS  Design Engineer,Electronic,0.42,48350,7/22/2025,Egyptian,Hybird,Full Time,Cairo,Egypt,Entry
Senior Project manager ,Product Management,Unspecified,10,105000,7/1/2025,Not Egyptian,Hybird,Full Time,Cairo,Egypt,Lead
Data Analyst,Data Analysis,Excel/SQL/Power BI,0,16000,7/22/2025,Egyptian,Hybird,Full Time,Cairo,Egypt,Entry
NLP Engineer ,AI,NLP,6,79777.5,7/30/2025,Not Egyptian,Hybird,Full Time,Cairo,Egypt,Senior
Sr. UI/UX designer | Product designer ,Digital Designer,UI/UX,5,53185,7/22/2025,Egyptian,Remotely,Full Time,Cairo,Egypt,Mid
BI & Data Engineer Specialist,Business Intelligence,Business,6,50000,1/1/2025,Egyptian,Remotely,Full Time,Cairo,Egypt,Senior
Data Engineer,Data Engineering,Unspecified,5,40000,4/1/2025,Egyptian,Remotely,Full Time,Cairo,Egypt,Mid
iOS developer ,Mobile Development,IOS,1,25000,7/1/2025,Egyptian,Hybird,Full Time,Cairo,Egypt,Entry
Senior Java Developer,Software Developer,Java,5,85000,7/1/2025,Egyptian,Hybird,Full Time,Cairo,Egypt,Mid
Flutter ,Mobile Development,Flutter,2,25000,7/22/2025,Not Egyptian,Remotely,Full Time,Saudi arabia,Saudi Arabia,Entry
Flutter Developer,Mobile Development,Flutter,2,22000,1/1/2025,Egyptian,On Site,Full Time,Cairo,Egypt,Entry
. Net Developer ,Software Developer,.Net,2,19340,7/7/2025,Not Egyptian,Remotely,Full Time,Saudi arabia,Saudi Arabia,Entry
Software quality control,Quality Control,Testing,1.5,20000,6/1/2025,Egyptian,Remotely,Full Time,Cairo,Egypt,Entry
Senior PHP Developer,Backend,PHP,4,45000,7/1/2025,Not Egyptian,On Site,Full Time,Cairo,Egypt,Mid
PHP Developer,Backend,PHP,4,25000,7/23/2025,Egyptian,On Site,Full Time,Cairo,Egypt,Mid
Flutter Developer,Mobile Development,Flutter,2,10000,4/1/2025,Egyptian,Remotely,Full Time,Cairo,Egypt,Entry
Quality assurance officer,Quality Assurance,Testing,0,6500,7/24/2025,Egyptian,Remotely,Full Time,Alexandria,Egypt,Entry
.net Developer ,Software Developer,.Net,2,25000,7/31/2025,Egyptian,On Site,Full Time,Cairo,Egypt,Entry
Front end developer react,Frontend,React.js,1,8000,12/10/2024,Egyptian,Hybird,Part Time,Cairo,Egypt,Entry
UI UX Designer ,Digital Designer,UI/UX,1,6000,3/1/2025,Egyptian,On Site,Full Time,Mansoura,Egypt,Entry
Frontend,Frontend,Unspecified,1,15000,1/25/2025,Not Egyptian,On Site,Full Time,Cairo,Egypt,Entry
Laravel ,Backend,Laravel,1,12000,12/8/2024,Egyptian,On Site,Full Time,Cairo,Egypt,Entry
Frontend React Developer,Frontend,React.js,1,15000,7/24/2025,Egyptian,On Site,Full Time,Cairo,Egypt,Entry
Node js developer ,Backend,Node.js,1,10000,4/16/2025,Egyptian,On Site,Full Time,Cairo,Egypt,Entry
Front end developer ,Frontend,Unspecified,0,7500,7/24/2025,Egyptian,Hybird,Full Time,Cairo,Egypt,Entry
Front end developer ,Frontend,Unspecified,0,15000,7/24/2025,Egyptian,Hybird,Full Time,Cairo,Egypt,Entry
Front end ,Frontend,Unspecified,1,10000,7/25/2025,Egyptian,Depends On Project,Full Time,Alexandria,Egypt,Entry
Senior front end ,Frontend,Unspecified,6,77360,7/25/2025,Not Egyptian,On Site,Full Time,Cairo,Egypt,Senior
Php developer ,Backend,PHP,3,15000,7/8/2025,Egyptian,On Site,Full Time,Cairo,Egypt,Mid
Fullstack developer (.net/angular),Full Stack,.Net / Angular,3,48350,4/1/2023,Not Egyptian,Hybird,Full Time,Cairo,Egypt,Mid
It system administrator ,System Administrator,IT,6,14000,7/25/2025,Egyptian,On Site,Full Time,Cairo,Egypt,Senior
DevOps engineer,DevOps,Unspecified,1,25000,6/1/2025,Egyptian,Hybird,Full Time,Cairo,Egypt,Entry
Software Engineer,Software Engineer,Unspecified,3,80000,1/1/2025,Not Egyptian,Hybird,Full Time,Cairo,Egypt,Mid
Data Admin,Data Admin,Databases,3,34000,7/25/2025,Egyptian,Hybird,Full Time,Cairo,Egypt,Mid
Frontend developer III ,Frontend,Unspecified,2,40000,10/27/2024,Egyptian,Hybird,Full Time,Cairo,Egypt,Entry
Computer Vision Engineer ,AI,Computer Vision,1,18000,7/26/2025,Egyptian,On Site,Full Time,Cairo,Egypt,Entry
Billing Analyst,Billing Analyst,Sales,6,24400,7/27/2025,Not Egyptian,Hybird,Full Time,Cairo,Egypt,Senior
Flutter Developer,Mobile Development,Flutter,0,10000,7/27/2025,Egyptian,On Site,Full Time,Cairo,Egypt,Entry
Operations team leader in BPO call centre,Operations Team Leader,Management,2,22000,7/30/2025,Not Egyptian,On Site,Full Time,Cairo,Egypt,Entry
Advanced Services Engineer,IT,IT,3,30000,8/23/2025,Not Egyptian,On Site,Full Time,Cairo,Egypt,Mid
Senior embedded software engineer ,Embedded,Unspecified,6.5,75000,6/28/2025,Egyptian,Hybird,Full Time,Cairo,Egypt,Senior
Senior CRM developer,CRM Engineer,CRM/ Microsoft Dynamics,4,40000,7/28/2025,Egyptian,Remotely,Full Time,Cairo,Egypt,Mid
Oracle developer ,Oracle Developer,Oracle,4,50000,1/1/2025,Egyptian,On Site,Full Time,Giza,Egypt,Mid
Application Support Specialist,IT,IT,1.5,14500,7/28/2025,Egyptian,On Site,Full Time,Cairo,Egypt,Entry
Java Developer,Software Developer,Java,2,70000,7/28/2025,Not Egyptian,Hybird,Full Time,Cairo,Egypt,Entry
Software engineer (full stack),Software Engineer,Full Stack,4,95000,7/25/2025,Not Egyptian,Hybird,Full Time,Cairo,Egypt,Mid
Microsoft Dynamics CRM Team lead,CRM Engineer,Leading/CRM/Microsoft Dynamics,10,433950,8/1/2025,Not Egyptian,On Site,Full Time,Abu dhabi,United Arab Emirates,Lead
Seniro Software Engineer,Software Engineer,Unspecified,10,40000,7/29/2025,Not Egyptian,On Site,Full Time,Cairo,Egypt,Lead
Senior .Net Backend Engineer,Backend,.Net,15,90000,7/27/2025,Not Egyptian,On Site,Full Time,Cairo,Egypt,Management
Embedded Software Engineer ,Embedded,Unspecified,0,15800,2/1/2025,Egyptian,Hybird,Full Time,New capital,Egypt,Entry
Backend developer,Backend,Unspecified,1,36000,7/28/2025,Egyptian,Hybird,Full Time,Cairo,Egypt,Entry
Backend engineer node.js,Software Engineer,Node.js,2,20000,3/2/2025,Egyptian,Hybird,Full Time,Cairo,Egypt,Entry
Senior .net developer,Software Developer,.Net,5,64000,7/28/2025,Egyptian,Hybird,Full Time,Cairo,Egypt,Mid
Mid-level .NET Developer,Software Developer,.Net,3,38770,7/24/2025,Not Egyptian,Hybird,Full Time,Cairo,Egypt,Mid
.Net Deveoper,Software Developer,.Net,2,20000,1/1/2025,Not Egyptian,Remotely,Full Time,Saudi arabia,Saudi Arabia,Entry
Java developer,Software Developer,Java,1,27000,8/1/2025,Egyptian,Hybird,Full Time,Giza,Egypt,Entry
Java developer ,Software Developer,Java,5,58020,8/1/2025,Not Egyptian,Remotely,Full Time,Saudi arabia,Saudi Arabia,Mid
Data engineer ,Data Engineering,Unspecified,0,15000,7/1/2025,Egyptian,Hybird,Full Time,Cairo,Egypt,Entry
Senior fullstack developer,Full Stack,Backend/Frontend,2,6000,8/28/2025,Egyptian,Hybird,Full Time,Cairo,Egypt,Entry
Biomedical Engineer,Biomedical,Biomedical,3,23000,8/1/2025,Not Egyptian,On Site,Full Time,Cairo,Egypt,Mid
.NET Developer,Software Developer,.Net,2,8000,7/1/2025,Egyptian,Hybird,Full Time,Cairo,Egypt,Entry
graphic designer,Digital Designer,Unspecified,1,3500,8/2/2025,Egyptian,Depends On Project,Part Time,Alexandria,Egypt,Entry
Back End Engineer php laravel,Software Engineer,Laravel/PHP,2.5,24200,8/2/2025,Not Egyptian,On Site,Full Time,Cairo,Egypt,Entry
Frontend Software Engineer,Software Engineer,Frontend,0.17,24175,6/11/2025,Not Egyptian,Remotely,Full Time,Jordan,Jordan,Entry
Frontend React Developer,Frontend,React.js,0.42,15000,3/1/2025,Egyptian,Remotely,Full Time,Giza,Egypt,Entry
Cost Control Engineer,Cost Control Engineer,Engineering,4,28500,7/31/2025,Egyptian,On Site,Full Time,New cairo,Egypt,Mid
Software developer(.net),Software Developer,.Net,2,21000,5/1/2025,Egyptian,Hybird,Full Time,Cairo,Egypt,Entry
Senior MLOps ,AI,AI/MLOps,5.5,85000,7/22/2025,Not Egyptian,Hybird,Full Time,Cairo,Egypt,Senior
Android Developer,Mobile Development,Android,5,80000,8/1/2025,Not Egyptian,Remotely,Full Time,No sites,No Sites,Mid
Fullstack developer,Full Stack,Backend/Frontend,0,12000,8/3/2025,Egyptian,On Site,Full Time,Cairo,Egypt,Entry
Bioinformatics Engineer,Bioinformatics,Bioinformatics,3,13000,8/2/2025,Not Egyptian,Hybird,Full Time,Cairo,Egypt,Mid
.NET Developer ,Software Developer,.Net,1,12000,8/3/2025,Egyptian,Hybird,Full Time,Cairo,Egypt,Entry
Data engineer ,Data Engineering,Unspecified,3,55000,7/25/2025,Not Egyptian,Hybird,Full Time,Cairo,Egypt,Mid
ML Engineer,AI,AI /Machine Learning,0,21000,8/3/2025,Egyptian,Hybird,Full Time,Cairo,Egypt,Entry
software test engineer,Software Engineer,Testing,2,18000,8/1/2025,Not Egyptian,On Site,Full Time,Cairo,Egypt,Entry
Data engineer,Data Engineering,Unspecified,2,40000,8/3/2025,Not Egyptian,Hybird,Full Time,Cairo,Egypt,Entry
Back end ,Backend,Unspecified,2,25000,8/3/2024,Egyptian,Hybird,Full Time,Cairo,Egypt,Entry
Flutter Developer,Mobile Development,Flutter,5,50000,1/3/2025,Egyptian,Hybird,Full Time,Cairo,Egypt,Mid
Technical support ,IT,Unspecified,0,50000,7/1/2025,Egyptian,Hybird,Full Time,Cairo,Egypt,Entry
Civil estimation engineer,Civil estimation engineer,Engineering,10,42000,7/30/2025,Egyptian,On Site,Full Time,Cairo,Egypt,Lead
QC team leader,Quality Control,Testing,4,75000,1/1/2025,Not Egyptian,Hybird,Full Time,Saudi arabia,Saudi Arabia,Mid
Scrum Master,Software Engineer,Unspecified,1,15000,6/15/2025,Egyptian,Hybird,Full Time,Cairo,Egypt,Entry
.Net Developer,Software Developer,.Net,0,12000,10/10/2024,Not Egyptian,On Site,Full Time,Cairo,Egypt,Entry
Data analyst,Data Analysis,Excel/SQL/Power BI,3,80000,2/1/2025,Not Egyptian,Remotely,Full Time,Dubai,United Arab Emirates,Mid
Android developer,Mobile Development,Android,1.5,25000,8/5/2025,Egyptian,Hybird,Full Time,Cairo,Egypt,Entry
Android Developer,Mobile Development,Android,1,30000,8/5/2025,Egyptian,Hybird,Full Time,Giza,Egypt,Entry
flutter developer,Mobile Development,Flutter,1,14505,8/5/2025,Not Egyptian,Remotely,Full Time,Cairo,Egypt,Entry
Accountant ,Accountant,Accountant,1,7000,8/5/2025,Egyptian,On Site,Full Time,Giza,Egypt,Entry
Embedded SW Engineer,Embedded,Unspecified,3,74942.5,7/1/2025,Egyptian,Hybird,Full Time,Cairo,Egypt,Mid
Digital Design ,Digital Designer,Unspecified,8,120875,8/6/2025,Egyptian,Hybird,Full Time,Cairo,Egypt,Lead
Front-End Developer (native),Frontend,Native,1.5,12000,7/1/2024,Egyptian,Remotely,Full Time,Cairo,Egypt,Entry
Backend engineer ,Software Engineer,Unspecified,4,80000,3/5/2025,Egyptian,Hybird,Part Time,Cairo,Egypt,Mid
Integration Engineer (Java),Software Engineer,Java,0,10000,3/1/2025,Egyptian,Hybird,Full Time,Cairo,Egypt,Entry
Wordpress developer,Web Development,Wordpress,5,145050,8/7/2025,Egyptian,Remotely,Part Time,Cairo,Egypt,Mid
Group Product Manager,Product Management,Unspecified,9,270760,8/1/2025,Not Egyptian,Remotely,Full Time,Cairo,Egypt,Lead
Senior full stack engineer ,Full Stack,Backend/Frontend,7,60000,3/1/2025,Not Egyptian,On Site,Full Time,Cairo,Egypt,Senior
Business developer ,Business Intelligence,Business,2,11000,8/7/2025,Egyptian,Remotely,Full Time,Cairo,Egypt,Entry
Teaching Assistant,Teaching Assistant,Academic,2,16000,8/1/2025,Egyptian,On Site,Full Time,Cairo,Egypt,Entry
Mid-Level Software Engineer (Django/Python),Software Engineer,Django/Python,4,22000,1/1/2024,Egyptian,Hybird,Full Time,Cairo,Egypt,Mid
Django Developer,Backend,Django/Python,4,23000,11/1/2023,Egyptian,Hybird,Full Time,Cairo,Egypt,Mid
Unity game developer,Game Development,Unity,0.67,10000,7/28/2025,Not Egyptian,Remotely,Full Time,Jordan,Jordan,Entry
Unreal developer (Game Developer),Game Development,Unreal,0,24175,8/1/2025,Not Egyptian,Remotely,Full Time,Uae,United Arab Emirates,Entry
Backend Developer,Backend,Unspecified,4,111205,8/1/2025,Not Egyptian,Remotely,Full Time,Iraq,Iraq,Mid
PHP | Laravel Backend Developer,Backend,Laravel/PHP,2,29010,6/1/2025,Not Egyptian,Remotely,Full Time,No sites,No Sites,Entry
Retail Analyst ,Data Analysis,Business,1,8800,8/30/2024,Egyptian,Remotely,Part Time,Cairo,Egypt,Entry
Fullstack,Full Stack,Backend/Frontend,2,29010,8/8/2025,Not Egyptian,Remotely,Full Time,No sites,No Sites,Entry
BI Development Team Leader,Business Intelligence,Business/Leading,5,58000,1/1/2025,Egyptian,On Site,Full Time,Cairo,Egypt,Mid
Computer vision engineer ,AI,Computer Vision,1,21757.5,8/29/2025,Not Egyptian,Remotely,Full Time,Germany,Germany,Entry
Senior software engineer III,Software Engineer,Unspecified,1,90000,7/1/2025,Egyptian,On Site,Full Time,Cairo,Egypt,Entry
.Net Developer ,Backend,.Net,2,28000,8/1/2025,Egyptian,Hybird,Full Time,Cairo,Egypt,Entry
AI Software R&D Engineer (AI/Backend/Frontend),Software Engineer,AI / Backend / Frontend /R&D,1.5,20000,2/2/2025,Egyptian,Remotely,Full Time,Giza,Egypt,Entry
Senior Software Engineer,Software Engineer,Unspecified,6,193400,8/8/2025,Not Egyptian,Remotely,Full Time,Dubai,United Arab Emirates,Senior
C++ Software Engineer,Software Engineer,C++,2.5,38680,8/8/2025,Not Egyptian,Remotely,Full Time,Jordan,Jordan,Entry
C++ (Embedded) Software Developer ,Embedded,C++,3,35000,8/8/2025,Egyptian,Hybird,Full Time,Cairo,Egypt,Mid
